head	relation	tail	prob_mean	prob_std	head_info	tail_info
e4747	r0	e1651	0.0	0.0	{'foodatlas_id': 'e4747', 'type': 'organism:species', 'name': 'Climbing bean', 'other_db_ids': {'NCBI_taxonomy': ['87088'], 'foodatlas_part_id': 'p0'}}	{'foodatlas_id': 'e1651', 'type': 'chemical', 'name': '4-hydroxybenzylglucosinolate', 'other_db_ids': {'MESH': ['C097342']}}
e3775	r0	e2164	0.0	0.0	{'foodatlas_id': 'e3775', 'type': 'organism:species', 'name': 'Pacific ocean perch', 'other_db_ids': {'NCBI_taxonomy': ['72055'], 'foodatlas_part_id': 'p0'}}	{'foodatlas_id': 'e2164', 'type': 'chemical', 'name': 'CPA', 'other_db_ids': {'MESH': ['C028775']}}
e4747	r0	e16480	0.0	0.0	{'foodatlas_id': 'e4747', 'type': 'organism:species', 'name': 'Climbing bean', 'other_db_ids': {'NCBI_taxonomy': ['87088'], 'foodatlas_part_id': 'p0'}}	{'foodatlas_id': 'e16480', 'type': 'chemical', 'name': 'Tirucallane', 'other_db_ids': {'CAS': ['2151853-72-2'], 'MESH': ['C514393'], 'PubChem': ['12312922']}}
e14694	r0	e19858	0.0	0.0	{'foodatlas_id': 'e14694', 'type': 'organism:species', 'name': 'R. fruticosus', 'other_db_ids': {'NCBI_taxonomy': ['211815'], 'foodatlas_part_id': 'p0'}}	{'foodatlas_id': 'e19858', 'type': 'chemical', 'name': '6-deoxo-28-norCS', 'other_db_ids': {'MESH': ['C507186']}}
e1418	r0	e3524	0.0	0.0	{'foodatlas_id': 'e1418', 'type': 'organism:species', 'name': 'Chicken', 'other_db_ids': {'NCBI_taxonomy': ['9031'], 'foodatlas_part_id': 'p0'}}	{'foodatlas_id': 'e3524', 'type': 'chemical', 'name': 'salvianolic acid', 'other_db_ids': {'MESH': ['C568740']}}
e3775	r0	e2157	0.0	0.0	{'foodatlas_id': 'e3775', 'type': 'organism:species', 'name': 'Pacific ocean perch', 'other_db_ids': {'NCBI_taxonomy': ['72055'], 'foodatlas_part_id': 'p0'}}	{'foodatlas_id': 'e2157', 'type': 'chemical', 'name': 'CGA', 'other_db_ids': {'MESH': ['C554042']}}
e4747	r0	e16440	0.0	0.0	{'foodatlas_id': 'e4747', 'type': 'organism:species', 'name': 'Climbing bean', 'other_db_ids': {'NCBI_taxonomy': ['87088'], 'foodatlas_part_id': 'p0'}}	{'foodatlas_id': 'e16440', 'type': 'chemical', 'name': 'Zerumbone', 'other_db_ids': {'CAS': ['471-05-6'], 'MESH': ['C403304'], 'PubChem': ['12111849']}}
e1309	r0	e11795	0.0	0.0	{'foodatlas_id': 'e1309', 'type': 'organism:species', 'name': 'Hyacinth bean', 'other_db_ids': {'NCBI_taxonomy': ['35936'], 'foodatlas_part_id': 'p0'}}	{'foodatlas_id': 'e11795', 'type': 'chemical', 'name': 'rhein 8-O-beta-D-glucopyranoside', 'other_db_ids': {'CAS': ['34298-86-7'], 'MESH': ['C581104'], 'PubChem': ['5320961']}}
e906	r0	e7287	0.0	0.0	{'foodatlas_id': 'e906', 'type': 'organism:species', 'name': 'Garden cress', 'other_db_ids': {'NCBI_taxonomy': ['33125'], 'foodatlas_part_id': 'p0'}}	{'foodatlas_id': 'e7287', 'type': 'chemical', 'name': 'N-methyl-D-aspartate', 'other_db_ids': {'CAS': ['6384-92-5'], 'MESH': ['D016202'], 'PubChem': ['22880']}}
e3775	r0	e2144	0.0	0.0	{'foodatlas_id': 'e3775', 'type': 'organism:species', 'name': 'Pacific ocean perch', 'other_db_ids': {'NCBI_taxonomy': ['72055'], 'foodatlas_part_id': 'p0'}}	{'foodatlas_id': 'e2144', 'type': 'chemical', 'name': 'BDMC', 'other_db_ids': {'MESH': ['C580697']}}
e1418	r0	e18703	0.0	0.0	{'foodatlas_id': 'e1418', 'type': 'organism:species', 'name': 'Chicken', 'other_db_ids': {'NCBI_taxonomy': ['9031'], 'foodatlas_part_id': 'p0'}}	{'foodatlas_id': 'e18703', 'type': 'chemical', 'name': 'N-Acetylaspartate', 'other_db_ids': {'CAS': ['997-55-7'], 'MESH': ['C000179'], 'PubChem': ['65065']}}
e12666	r0	e1712	0.0	0.0	{'foodatlas_id': 'e12666', 'type': 'organism:varietas', 'name': 'spinach, mustard', 'other_db_ids': {'NCBI_taxonomy': ['344680'], 'foodatlas_part_id': 'p0'}}	{'foodatlas_id': 'e1712', 'type': 'chemical', 'name': 'borneol', 'other_db_ids': {'CAS': ['124-76-5', '464-45-9', '507-70-0', '6627-72-1'], 'MESH': ['C022871'], 'PubChem': ['10049']}}
e1290	r0	e18703	0.0	0.0	{'foodatlas_id': 'e1290', 'type': 'organism:species', 'name': 'Lemon', 'other_db_ids': {'NCBI_taxonomy': ['2708'], 'foodatlas_part_id': 'p0'}}	{'foodatlas_id': 'e18703', 'type': 'chemical', 'name': 'N-Acetylaspartate', 'other_db_ids': {'CAS': ['997-55-7'], 'MESH': ['C000179'], 'PubChem': ['65065']}}
e1290	r0	e17164	0.0	0.0	{'foodatlas_id': 'e1290', 'type': 'organism:species', 'name': 'Lemon', 'other_db_ids': {'NCBI_taxonomy': ['2708'], 'foodatlas_part_id': 'p0'}}	{'foodatlas_id': 'e17164', 'type': 'chemical', 'name': 'N-Acetylaspartate', 'other_db_ids': {'MESH': ['C000179'], 'PubChem': ['2042020']}}
e3775	r0	e2129	0.0	0.0	{'foodatlas_id': 'e3775', 'type': 'organism:species', 'name': 'Pacific ocean perch', 'other_db_ids': {'NCBI_taxonomy': ['72055'], 'foodatlas_part_id': 'p0'}}	{'foodatlas_id': 'e2129', 'type': 'chemical', 'name': 'Acetylshikonin', 'other_db_ids': {'MESH': ['C073944'], 'PubChem': ['9967285']}}
e3775	r0	e2127	0.0	0.0	{'foodatlas_id': 'e3775', 'type': 'organism:species', 'name': 'Pacific ocean perch', 'other_db_ids': {'NCBI_taxonomy': ['72055'], 'foodatlas_part_id': 'p0'}}	{'foodatlas_id': 'e2127', 'type': 'chemical', 'name': 'Acetylshikonin', 'other_db_ids': {'CAS': ['24502-78-1'], 'MESH': ['C073944'], 'PubChem': ['479501']}}
e3775	r0	e2123	0.0	0.0	{'foodatlas_id': 'e3775', 'type': 'organism:species', 'name': 'Pacific ocean perch', 'other_db_ids': {'NCBI_taxonomy': ['72055'], 'foodatlas_part_id': 'p0'}}	{'foodatlas_id': 'e2123', 'type': 'chemical', 'name': 'Abietatriene', 'other_db_ids': {'CAS': ['19407-28-4'], 'MESH': ['C496110'], 'PubChem': ['6432211']}}
e1258	r0	e3357	0.0	0.0	{'foodatlas_id': 'e1258', 'type': 'organism:species', 'name': 'Nanking cherry', 'other_db_ids': {'NCBI_taxonomy': ['105667'], 'foodatlas_part_id': 'p0'}}	{'foodatlas_id': 'e3357', 'type': 'chemical', 'name': 'paracetamol', 'other_db_ids': {'CAS': ['103-90-2', '8055-08-1'], 'MESH': ['D000082'], 'PubChem': ['1983']}}
e3775	r0	e2174	0.0	0.0	{'foodatlas_id': 'e3775', 'type': 'organism:species', 'name': 'Pacific ocean perch', 'other_db_ids': {'NCBI_taxonomy': ['72055'], 'foodatlas_part_id': 'p0'}}	{'foodatlas_id': 'e2174', 'type': 'chemical', 'name': 'Cucurbitacin D', 'other_db_ids': {'CAS': ['3877-86-9'], 'MESH': ['C038105'], 'PubChem': ['5281318']}}
e3775	r0	e2177	0.0	0.0	{'foodatlas_id': 'e3775', 'type': 'organism:species', 'name': 'Pacific ocean perch', 'other_db_ids': {'NCBI_taxonomy': ['72055'], 'foodatlas_part_id': 'p0'}}	{'foodatlas_id': 'e2177', 'type': 'chemical', 'name': 'Cytidine', 'other_db_ids': {'CAS': ['65-46-3'], 'MESH': ['D003562'], 'PubChem': ['6175']}}
e3775	r0	e2098	0.0	0.0	{'foodatlas_id': 'e3775', 'type': 'organism:species', 'name': 'Pacific ocean perch', 'other_db_ids': {'NCBI_taxonomy': ['72055'], 'foodatlas_part_id': 'p0'}}	{'foodatlas_id': 'e2098', 'type': 'chemical', 'name': '8)-epicatechin-(4beta', 'other_db_ids': {'MESH': ['C457101']}}
e20601	r0	e19398	0.0	0.0	{'foodatlas_id': 'e20601', 'type': 'organism:species', 'name': 'bearded tooth mushroom', 'other_db_ids': {'NCBI_taxonomy': ['91752'], 'foodatlas_part_id': 'p0'}}	{'foodatlas_id': 'e19398', 'type': 'chemical', 'name': 'oleanoic acid ginsenosides', 'other_db_ids': {'MESH': ['C017340']}}
e1385	r0	e19867	0.0	0.0	{'foodatlas_id': 'e1385', 'type': 'organism:species', 'name': 'Summer savory', 'other_db_ids': {'NCBI_taxonomy': ['49987'], 'foodatlas_part_id': 'p0'}}	{'foodatlas_id': 'e19867', 'type': 'chemical', 'name': 'Gluten', 'other_db_ids': {'MESH': ['C509358']}}
e15866	r0	e18726	0.0	0.0	{'foodatlas_id': 'e15866', 'type': 'organism:species', 'name': 'Coregonus lavaretus', 'other_db_ids': {'NCBI_taxonomy': ['59291'], 'foodatlas_part_id': 'p0'}}	{'foodatlas_id': 'e18726', 'type': 'chemical', 'name': '2-methyl propanol', 'other_db_ids': {'CAS': ['68989-27-5', '78-83-1'], 'MESH': ['C040507'], 'PubChem': ['6560']}}
e4545	r0	e7287	0.0	0.0	{'foodatlas_id': 'e4545', 'type': 'organism:species', 'name': 'Black salsify', 'other_db_ids': {'NCBI_taxonomy': ['114289'], 'foodatlas_part_id': 'p0'}}	{'foodatlas_id': 'e7287', 'type': 'chemical', 'name': 'N-methyl-D-aspartate', 'other_db_ids': {'CAS': ['6384-92-5'], 'MESH': ['D016202'], 'PubChem': ['22880']}}
e14805	r0	e11509	0.0	0.0	{'foodatlas_id': 'e14805', 'type': 'organism:species', 'name': 'P. hypophthalmus', 'other_db_ids': {'NCBI_taxonomy': ['310915'], 'foodatlas_part_id': 'p0'}}	{'foodatlas_id': 'e11509', 'type': 'chemical', 'name': 'polygalacic acid', 'other_db_ids': {'MESH': ['C067722'], 'PubChem': ['24982182']}}
e14805	r0	e11510	0.0	0.0	{'foodatlas_id': 'e14805', 'type': 'organism:species', 'name': 'P. hypophthalmus', 'other_db_ids': {'NCBI_taxonomy': ['310915'], 'foodatlas_part_id': 'p0'}}	{'foodatlas_id': 'e11510', 'type': 'chemical', 'name': 'polygalacic acid', 'other_db_ids': {'MESH': ['C067722'], 'PubChem': ['71463855']}}
e15866	r0	e18703	0.0	0.0	{'foodatlas_id': 'e15866', 'type': 'organism:species', 'name': 'Coregonus lavaretus', 'other_db_ids': {'NCBI_taxonomy': ['59291'], 'foodatlas_part_id': 'p0'}}	{'foodatlas_id': 'e18703', 'type': 'chemical', 'name': 'N-Acetylaspartate', 'other_db_ids': {'CAS': ['997-55-7'], 'MESH': ['C000179'], 'PubChem': ['65065']}}
e20601	r0	e253	0.0	0.0	{'foodatlas_id': 'e20601', 'type': 'organism:species', 'name': 'bearded tooth mushroom', 'other_db_ids': {'NCBI_taxonomy': ['91752'], 'foodatlas_part_id': 'p0'}}	{'foodatlas_id': 'e253', 'type': 'chemical', 'name': 'carnosic acid', 'other_db_ids': {'CAS': ['3650-09-7'], 'MESH': ['C018381'], 'PubChem': ['65126']}}
e1418	r0	e9790	0.0	0.0	{'foodatlas_id': 'e1418', 'type': 'organism:species', 'name': 'Chicken', 'other_db_ids': {'NCBI_taxonomy': ['9031'], 'foodatlas_part_id': 'p0'}}	{'foodatlas_id': 'e9790', 'type': 'chemical', 'name': 'galascorbin', 'other_db_ids': {'MESH': ['C002944']}}
e3775	r0	e22	0.0	0.0	{'foodatlas_id': 'e3775', 'type': 'organism:species', 'name': 'Pacific ocean perch', 'other_db_ids': {'NCBI_taxonomy': ['72055'], 'foodatlas_part_id': 'p0'}}	{'foodatlas_id': 'e22', 'type': 'chemical', 'name': '6-pentadecylsalicylic acid', 'other_db_ids': {'CAS': ['11034-77-8', '16611-84-0'], 'MESH': ['C088115'], 'PubChem': ['167551']}}
e3775	r0	e2199	0.0	0.0	{'foodatlas_id': 'e3775', 'type': 'organism:species', 'name': 'Pacific ocean perch', 'other_db_ids': {'NCBI_taxonomy': ['72055'], 'foodatlas_part_id': 'p0'}}	{'foodatlas_id': 'e2199', 'type': 'chemical', 'name': 'Dihydromyricetin', 'other_db_ids': {'MESH': ['C472036']}}
e1291	r0	e17164	0.0	0.0	{'foodatlas_id': 'e1291', 'type': 'organism:species', 'name': 'Sweet orange', 'other_db_ids': {'NCBI_taxonomy': ['2711'], 'foodatlas_part_id': 'p0'}}	{'foodatlas_id': 'e17164', 'type': 'chemical', 'name': 'N-Acetylaspartate', 'other_db_ids': {'MESH': ['C000179'], 'PubChem': ['2042020']}}
e3775	r0	e2198	0.0	0.0	{'foodatlas_id': 'e3775', 'type': 'organism:species', 'name': 'Pacific ocean perch', 'other_db_ids': {'NCBI_taxonomy': ['72055'], 'foodatlas_part_id': 'p0'}}	{'foodatlas_id': 'e2198', 'type': 'chemical', 'name': 'Delta(7)-stigmastenol', 'other_db_ids': {'CAS': ['6869-99-4'], 'MESH': ['C031313'], 'PubChem': ['3080632']}}
e3775	r0	e2196	0.0	0.0	{'foodatlas_id': 'e3775', 'type': 'organism:species', 'name': 'Pacific ocean perch', 'other_db_ids': {'NCBI_taxonomy': ['72055'], 'foodatlas_part_id': 'p0'}}	{'foodatlas_id': 'e2196', 'type': 'chemical', 'name': 'Delta(7)-stigmastenol', 'other_db_ids': {'CAS': ['521-03-9'], 'MESH': ['C031313'], 'PubChem': ['441837']}}
e1418	r0	e7287	0.0	0.0	{'foodatlas_id': 'e1418', 'type': 'organism:species', 'name': 'Chicken', 'other_db_ids': {'NCBI_taxonomy': ['9031'], 'foodatlas_part_id': 'p0'}}	{'foodatlas_id': 'e7287', 'type': 'chemical', 'name': 'N-methyl-D-aspartate', 'other_db_ids': {'CAS': ['6384-92-5'], 'MESH': ['D016202'], 'PubChem': ['22880']}}
e958	r0	e692	0.0	0.0	{'foodatlas_id': 'e958', 'type': 'organism:species', 'name': 'Pot marjoram', 'other_db_ids': {'NCBI_taxonomy': ['452416'], 'foodatlas_part_id': 'p0'}}	{'foodatlas_id': 'e692', 'type': 'chemical', 'name': 'prolamines', 'other_db_ids': {'CAS': ['14838-15-4', '37577-28-9', '700-65-2'], 'MESH': ['D010665'], 'PubChem': ['26934']}}
e3775	r0	e218	0.0	0.0	{'foodatlas_id': 'e3775', 'type': 'organism:species', 'name': 'Pacific ocean perch', 'other_db_ids': {'NCBI_taxonomy': ['72055'], 'foodatlas_part_id': 'p0'}}	{'foodatlas_id': 'e218', 'type': 'chemical', 'name': 'bilobalide', 'other_db_ids': {'MESH': ['D046935']}}
e958	r0	e694	0.0	0.0	{'foodatlas_id': 'e958', 'type': 'organism:species', 'name': 'Pot marjoram', 'other_db_ids': {'NCBI_taxonomy': ['452416'], 'foodatlas_part_id': 'p0'}}	{'foodatlas_id': 'e694', 'type': 'chemical', 'name': 'prolamines', 'other_db_ids': {'CAS': ['154-41-6', '53643-20-2'], 'MESH': ['D010665'], 'PubChem': ['12218596']}}
e1385	r0	e19969	0.0	0.0	{'foodatlas_id': 'e1385', 'type': 'organism:species', 'name': 'Summer savory', 'other_db_ids': {'NCBI_taxonomy': ['49987'], 'foodatlas_part_id': 'p0'}}	"{'foodatlas_id': 'e19969', 'type': 'chemical', 'name': '2-(16""Z-pentacosenoyl)-6-(8\'Z-pentadecenyl) salicylic acid', 'other_db_ids': {'MESH': ['C539647']}}"
e891	r0	e2847	0.0	0.0	{'foodatlas_id': 'e891', 'type': 'organism:species', 'name': 'Cusk', 'other_db_ids': {'NCBI_taxonomy': ['81638'], 'foodatlas_part_id': 'p0'}}	{'foodatlas_id': 'e2847', 'type': 'chemical', 'name': 'epifriedelanol', 'other_db_ids': {'MESH': ['C055670'], 'PubChem': ['16072330']}}
e3775	r0	e21	0.0	0.0	{'foodatlas_id': 'e3775', 'type': 'organism:species', 'name': 'Pacific ocean perch', 'other_db_ids': {'NCBI_taxonomy': ['72055'], 'foodatlas_part_id': 'p0'}}	{'foodatlas_id': 'e21', 'type': 'chemical', 'name': '6-pentadecylsalicylic acid', 'other_db_ids': {'CAS': ['103904-73-0', '18654-18-7'], 'MESH': ['C088115'], 'PubChem': ['5388781']}}
e20601	r0	e1713	0.0	0.0	{'foodatlas_id': 'e20601', 'type': 'organism:species', 'name': 'bearded tooth mushroom', 'other_db_ids': {'NCBI_taxonomy': ['91752'], 'foodatlas_part_id': 'p0'}}	{'foodatlas_id': 'e1713', 'type': 'chemical', 'name': 'borneol', 'other_db_ids': {'CAS': ['464-45-9', '507-70-0'], 'MESH': ['C022871'], 'PubChem': ['1201518']}}
e12652	r0	e10728	0.0	0.0	{'foodatlas_id': 'e12652', 'type': 'organism:varietas', 'name': 'Lactuca sativa var.', 'other_db_ids': {'NCBI_taxonomy': ['1759395'], 'foodatlas_part_id': 'p0'}}	{'foodatlas_id': 'e10728', 'type': 'chemical', 'name': 'metanil yellow', 'other_db_ids': {'CAS': ['1173501-41-1', '53988-78-6', '587-98-4', '68417-63-0', '84842-92-2'], 'MESH': ['C005108'], 'PubChem': ['3935589']}}
e1347	r0	e17481	0.0	0.0	{'foodatlas_id': 'e1347', 'type': 'organism:species', 'name': 'Gram bean', 'other_db_ids': {'NCBI_taxonomy': ['3915'], 'foodatlas_part_id': 'p0'}}	{'foodatlas_id': 'e17481', 'type': 'chemical', 'name': 'Verbenone', 'other_db_ids': {'CAS': ['5480-12-6', '80-57-9'], 'MESH': ['C052875'], 'PubChem': ['29025']}}
e3775	r0	e20580	0.0	0.0	{'foodatlas_id': 'e3775', 'type': 'organism:species', 'name': 'Pacific ocean perch', 'other_db_ids': {'NCBI_taxonomy': ['72055'], 'foodatlas_part_id': 'p0'}}	{'foodatlas_id': 'e20580', 'type': 'chemical', 'name': 'Peonidin 3-O-glucoside', 'other_db_ids': {'PubChem': ['443654'], 'CAS': ['68795-37-9', '6906-39-4']}}
e3775	r0	e20578	0.0	0.0	{'foodatlas_id': 'e3775', 'type': 'organism:species', 'name': 'Pacific ocean perch', 'other_db_ids': {'NCBI_taxonomy': ['72055'], 'foodatlas_part_id': 'p0'}}	{'foodatlas_id': 'e20578', 'type': 'chemical', 'name': 'Pelargonidin 3-O-rutinoside', 'other_db_ids': {'PubChem': ['443917']}}
e855	r0	e3199	0.0	0.0	{'foodatlas_id': 'e855', 'type': 'organism:species', 'name': 'Atlantic herring', 'other_db_ids': {'NCBI_taxonomy': ['7950'], 'foodatlas_part_id': 'p0'}}	{'foodatlas_id': 'e3199', 'type': 'chemical', 'name': 'luteolin-7-rutinoside', 'other_db_ids': {'MESH': ['C458139']}}
e3775	r0	e20574	0.0	0.0	{'foodatlas_id': 'e3775', 'type': 'organism:species', 'name': 'Pacific ocean perch', 'other_db_ids': {'NCBI_taxonomy': ['72055'], 'foodatlas_part_id': 'p0'}}	{'foodatlas_id': 'e20574', 'type': 'chemical', 'name': 'Methylgalangin', 'other_db_ids': {'PubChem': ['5281946'], 'CAS': ['6665-74-3'], 'MESH': ['C438064']}}
e3775	r0	e20573	0.0	0.0	{'foodatlas_id': 'e3775', 'type': 'organism:species', 'name': 'Pacific ocean perch', 'other_db_ids': {'NCBI_taxonomy': ['72055'], 'foodatlas_part_id': 'p0'}}	{'foodatlas_id': 'e20573', 'type': 'chemical', 'name': 'Malvidin 3-O-glucoside', 'other_db_ids': {'PubChem': ['443652'], 'CAS': ['18470-06-9', '7228-78-6'], 'MESH': ['C000706890']}}
e14664	r0	e7977	0.0	0.0	{'foodatlas_id': 'e14664', 'type': 'organism:varietas', 'name': 'Brassica oleracea var.', 'other_db_ids': {'NCBI_taxonomy': ['178616'], 'foodatlas_part_id': 'p0'}}	{'foodatlas_id': 'e7977', 'type': 'chemical', 'name': 'aconine', 'other_db_ids': {'CAS': ['509-20-6'], 'MESH': ['C047306'], 'PubChem': ['20054813']}}
e3775	r0	e20570	0.0	0.0	{'foodatlas_id': 'e3775', 'type': 'organism:species', 'name': 'Pacific ocean perch', 'other_db_ids': {'NCBI_taxonomy': ['72055'], 'foodatlas_part_id': 'p0'}}	{'foodatlas_id': 'e20570', 'type': 'chemical', 'name': 'Ligstroside', 'other_db_ids': {'CAS': ['32619-42-4'], 'PubChem': ['9807309']}}
e864	r0	e17052	0.0	0.0	{'foodatlas_id': 'e864', 'type': 'organism:species', 'name': 'Bowhead whale', 'other_db_ids': {'NCBI_taxonomy': ['27602'], 'foodatlas_part_id': 'p0'}}	{'foodatlas_id': 'e17052', 'type': 'chemical', 'name': 'Didymin', 'other_db_ids': {'CAS': ['14259-47-3'], 'MESH': ['C552234'], 'PubChem': ['16760075']}}
e906	r0	e6083	0.0	0.0	{'foodatlas_id': 'e906', 'type': 'organism:species', 'name': 'Garden cress', 'other_db_ids': {'NCBI_taxonomy': ['33125'], 'foodatlas_part_id': 'p0'}}	{'foodatlas_id': 'e6083', 'type': 'chemical', 'name': '5-hydroxyanthranilic acid', 'other_db_ids': {'CAS': ['394-31-0'], 'MESH': ['C070071'], 'PubChem': ['164592']}}
e3775	r0	e20569	0.0	0.0	{'foodatlas_id': 'e3775', 'type': 'organism:species', 'name': 'Pacific ocean perch', 'other_db_ids': {'NCBI_taxonomy': ['72055'], 'foodatlas_part_id': 'p0'}}	{'foodatlas_id': 'e20569', 'type': 'chemical', 'name': 'Ligstroside', 'other_db_ids': {'CAS': ['32619-42-4'], 'PubChem': ['6325757']}}
e958	r0	e7681	0.0	0.0	{'foodatlas_id': 'e958', 'type': 'organism:species', 'name': 'Pot marjoram', 'other_db_ids': {'NCBI_taxonomy': ['452416'], 'foodatlas_part_id': 'p0'}}	{'foodatlas_id': 'e7681', 'type': 'chemical', 'name': 'S-ethylcysteine', 'other_db_ids': {'CAS': ['2629-59-6'], 'MESH': ['C026826'], 'PubChem': ['25203803']}}
e864	r0	e17164	0.0	0.0	{'foodatlas_id': 'e864', 'type': 'organism:species', 'name': 'Bowhead whale', 'other_db_ids': {'NCBI_taxonomy': ['27602'], 'foodatlas_part_id': 'p0'}}	{'foodatlas_id': 'e17164', 'type': 'chemical', 'name': 'N-Acetylaspartate', 'other_db_ids': {'MESH': ['C000179'], 'PubChem': ['2042020']}}
e3775	r0	e20568	0.0	0.0	{'foodatlas_id': 'e3775', 'type': 'organism:species', 'name': 'Pacific ocean perch', 'other_db_ids': {'NCBI_taxonomy': ['72055'], 'foodatlas_part_id': 'p0'}}	{'foodatlas_id': 'e20568', 'type': 'chemical', 'name': 'Ligstroside', 'other_db_ids': {'CAS': ['32619-42-4'], 'PubChem': ['5923508']}}
e986	r0	e17170	0.0	0.0	{'foodatlas_id': 'e986', 'type': 'organism:species', 'name': 'Steller sea lion', 'other_db_ids': {'NCBI_taxonomy': ['34886'], 'foodatlas_part_id': 'p0'}}	{'foodatlas_id': 'e17170', 'type': 'chemical', 'name': 'beta-sitostanol', 'other_db_ids': {'MESH': ['C021255'], 'PubChem': ['20849398']}}
e3775	r0	e20565	0.0	0.0	{'foodatlas_id': 'e3775', 'type': 'organism:species', 'name': 'Pacific ocean perch', 'other_db_ids': {'NCBI_taxonomy': ['72055'], 'foodatlas_part_id': 'p0'}}	{'foodatlas_id': 'e20565', 'type': 'chemical', 'name': 'Ligstroside', 'other_db_ids': {'CAS': ['32619-42-4'], 'PubChem': ['24721401']}}
e14805	r0	e12086	0.0	0.0	{'foodatlas_id': 'e14805', 'type': 'organism:species', 'name': 'P. hypophthalmus', 'other_db_ids': {'NCBI_taxonomy': ['310915'], 'foodatlas_part_id': 'p0'}}	{'foodatlas_id': 'e12086', 'type': 'chemical', 'name': 'soyasaponin II', 'other_db_ids': {'CAS': ['55319-36-3'], 'MESH': ['C106126'], 'PubChem': ['171435']}}
e20601	r0	e10439	0.0	0.0	{'foodatlas_id': 'e20601', 'type': 'organism:species', 'name': 'bearded tooth mushroom', 'other_db_ids': {'NCBI_taxonomy': ['91752'], 'foodatlas_part_id': 'p0'}}	{'foodatlas_id': 'e10439', 'type': 'chemical', 'name': 'ledol', 'other_db_ids': {'CAS': ['577-27-5'], 'MESH': ['C421806'], 'PubChem': ['92812']}}
e1385	r0	e20171	0.0	0.0	{'foodatlas_id': 'e1385', 'type': 'organism:species', 'name': 'Summer savory', 'other_db_ids': {'NCBI_taxonomy': ['49987'], 'foodatlas_part_id': 'p0'}}	{'foodatlas_id': 'e20171', 'type': 'chemical', 'name': 'CSO', 'other_db_ids': {'MESH': ['D003369']}}
e14664	r0	e7978	0.0	0.0	{'foodatlas_id': 'e14664', 'type': 'organism:varietas', 'name': 'Brassica oleracea var.', 'other_db_ids': {'NCBI_taxonomy': ['178616'], 'foodatlas_part_id': 'p0'}}	{'foodatlas_id': 'e7978', 'type': 'chemical', 'name': 'aconine', 'other_db_ids': {'CAS': ['509-20-6'], 'MESH': ['C047306'], 'PubChem': ['71773129']}}
e3775	r0	e20582	0.0	0.0	{'foodatlas_id': 'e3775', 'type': 'organism:species', 'name': 'Pacific ocean perch', 'other_db_ids': {'NCBI_taxonomy': ['72055'], 'foodatlas_part_id': 'p0'}}	{'foodatlas_id': 'e20582', 'type': 'chemical', 'name': 'Phlorin', 'other_db_ids': {'PubChem': ['476785'], 'CAS': ['28217-60-9']}}
e15866	r0	e1847	0.0	0.0	{'foodatlas_id': 'e15866', 'type': 'organism:species', 'name': 'Coregonus lavaretus', 'other_db_ids': {'NCBI_taxonomy': ['59291'], 'foodatlas_part_id': 'p0'}}	{'foodatlas_id': 'e1847', 'type': 'chemical', 'name': 'ethyl gallate', 'other_db_ids': {'CAS': ['831-61-8'], 'MESH': ['C048734'], 'PubChem': ['13250']}}
e20601	r0	e1711	0.0	0.0	{'foodatlas_id': 'e20601', 'type': 'organism:species', 'name': 'bearded tooth mushroom', 'other_db_ids': {'NCBI_taxonomy': ['91752'], 'foodatlas_part_id': 'p0'}}	{'foodatlas_id': 'e1711', 'type': 'chemical', 'name': 'borneol', 'other_db_ids': {'CAS': ['124-76-5', '464-45-9', '507-70-0'], 'MESH': ['C022871'], 'PubChem': ['439569']}}
e3775	r0	e20586	0.0	0.0	{'foodatlas_id': 'e3775', 'type': 'organism:species', 'name': 'Pacific ocean perch', 'other_db_ids': {'NCBI_taxonomy': ['72055'], 'foodatlas_part_id': 'p0'}}	{'foodatlas_id': 'e20586', 'type': 'chemical', 'name': 'Quercetin 3-O-rhamnoside', 'other_db_ids': {'PubChem': ['5359430'], 'CAS': ['522-12-3']}}
e20601	r0	e1708	0.0	0.0	{'foodatlas_id': 'e20601', 'type': 'organism:species', 'name': 'bearded tooth mushroom', 'other_db_ids': {'NCBI_taxonomy': ['91752'], 'foodatlas_part_id': 'p0'}}	{'foodatlas_id': 'e1708', 'type': 'chemical', 'name': 'borneol', 'other_db_ids': {'CAS': ['124-76-5', '507-70-0'], 'MESH': ['C022871'], 'PubChem': ['512289']}}
e3775	r0	e2076	0.0	0.0	{'foodatlas_id': 'e3775', 'type': 'organism:species', 'name': 'Pacific ocean perch', 'other_db_ids': {'NCBI_taxonomy': ['72055'], 'foodatlas_part_id': 'p0'}}	{'foodatlas_id': 'e2076', 'type': 'chemical', 'name': '4-O-methoxypyridoxine', 'other_db_ids': {'CAS': ['3131-27-9'], 'MESH': ['C001737'], 'PubChem': ['76580']}}
e958	r0	e7409	0.0	0.0	{'foodatlas_id': 'e958', 'type': 'organism:species', 'name': 'Pot marjoram', 'other_db_ids': {'NCBI_taxonomy': ['452416'], 'foodatlas_part_id': 'p0'}}	{'foodatlas_id': 'e7409', 'type': 'chemical', 'name': 'Oryzalexin S', 'other_db_ids': {'CAS': ['143437-61-0'], 'MESH': ['C488969'], 'PubChem': ['101628275']}}
e20601	r0	e1704	0.0	0.0	{'foodatlas_id': 'e20601', 'type': 'organism:species', 'name': 'bearded tooth mushroom', 'other_db_ids': {'NCBI_taxonomy': ['91752'], 'foodatlas_part_id': 'p0'}}	{'foodatlas_id': 'e1704', 'type': 'chemical', 'name': 'borneol', 'other_db_ids': {'CAS': ['124-76-5'], 'MESH': ['C022871'], 'PubChem': ['61060']}}
e14664	r0	e7973	0.0	0.0	{'foodatlas_id': 'e14664', 'type': 'organism:varietas', 'name': 'Brassica oleracea var.', 'other_db_ids': {'NCBI_taxonomy': ['178616'], 'foodatlas_part_id': 'p0'}}	{'foodatlas_id': 'e7973', 'type': 'chemical', 'name': 'aconine', 'other_db_ids': {'CAS': ['509-20-6'], 'MESH': ['C047306'], 'PubChem': ['131674266']}}
e3775	r0	e2067	0.0	0.0	{'foodatlas_id': 'e3775', 'type': 'organism:species', 'name': 'Pacific ocean perch', 'other_db_ids': {'NCBI_taxonomy': ['72055'], 'foodatlas_part_id': 'p0'}}	{'foodatlas_id': 'e2067', 'type': 'chemical', 'name': '3-deoxy-d-arabino-heptulosonate 7-phosphate', 'other_db_ids': {'CAS': ['2627-73-8'], 'MESH': ['C013469'], 'PubChem': ['160647']}}
e982	r0	e5814	0.0	0.0	{'foodatlas_id': 'e982', 'type': 'organism:species', 'name': 'Spelt', 'other_db_ids': {'NCBI_taxonomy': ['58933'], 'foodatlas_part_id': 'p0'}}	{'foodatlas_id': 'e5814', 'type': 'chemical', 'name': '2alpha-n-heptatriacont-(Z)-3-en-1,5-olide', 'other_db_ids': {'MESH': ['C572792']}}
e3775	r0	e2065	0.0	0.0	{'foodatlas_id': 'e3775', 'type': 'organism:species', 'name': 'Pacific ocean perch', 'other_db_ids': {'NCBI_taxonomy': ['72055'], 'foodatlas_part_id': 'p0'}}	{'foodatlas_id': 'e2065', 'type': 'chemical', 'name': '3-O-methyl-D-galactose', 'other_db_ids': {'MESH': ['C031552'], 'PubChem': ['88635779']}}
e20528	r0	e10577	0.0	0.0	{'foodatlas_id': 'e20528', 'type': 'organism:genus', 'name': 'Dandelion, leaves, raw', 'other_db_ids': {'NCBI_taxonomy': ['49743'], 'foodatlas_part_id': 'p0'}}	{'foodatlas_id': 'e10577', 'type': 'chemical', 'name': 'm-coumaric acid', 'other_db_ids': {'CAS': ['14755-02-3', '588-30-7'], 'MESH': ['C043332'], 'PubChem': ['637541']}}
e1417	r0	e7287	0.0	0.0	{'foodatlas_id': 'e1417', 'type': 'organism:species', 'name': 'Kombu', 'other_db_ids': {'NCBI_taxonomy': ['88149'], 'foodatlas_part_id': 'p0'}}	{'foodatlas_id': 'e7287', 'type': 'chemical', 'name': 'N-methyl-D-aspartate', 'other_db_ids': {'CAS': ['6384-92-5'], 'MESH': ['D016202'], 'PubChem': ['22880']}}
e3775	r0	e2063	0.0	0.0	{'foodatlas_id': 'e3775', 'type': 'organism:species', 'name': 'Pacific ocean perch', 'other_db_ids': {'NCBI_taxonomy': ['72055'], 'foodatlas_part_id': 'p0'}}	{'foodatlas_id': 'e2063', 'type': 'chemical', 'name': '3-O-methyl-D-galactose', 'other_db_ids': {'CAS': ['1824-94-8'], 'MESH': ['C031552'], 'PubChem': ['94214']}}
e20601	r0	e16353	0.0	0.0	{'foodatlas_id': 'e20601', 'type': 'organism:species', 'name': 'bearded tooth mushroom', 'other_db_ids': {'NCBI_taxonomy': ['91752'], 'foodatlas_part_id': 'p0'}}	{'foodatlas_id': 'e16353', 'type': 'chemical', 'name': '3,4-dihydroxyphenyllactic acid', 'other_db_ids': {'CAS': ['76822-21-4'], 'MESH': ['C035055'], 'PubChem': ['11600642']}}
e3775	r0	e20598	0.0	0.0	{'foodatlas_id': 'e3775', 'type': 'organism:species', 'name': 'Pacific ocean perch', 'other_db_ids': {'NCBI_taxonomy': ['72055'], 'foodatlas_part_id': 'p0'}}	{'foodatlas_id': 'e20598', 'type': 'chemical', 'name': 'Peonidin 3-O-arabinoside', 'other_db_ids': {'PubChem': ['5320508']}}
e3775	r0	e20597	0.0	0.0	{'foodatlas_id': 'e3775', 'type': 'organism:species', 'name': 'Pacific ocean perch', 'other_db_ids': {'NCBI_taxonomy': ['72055'], 'foodatlas_part_id': 'p0'}}	{'foodatlas_id': 'e20597', 'type': 'chemical', 'name': '4-p-Coumaroylquinic acid', 'other_db_ids': {'PubChem': ['5281766'], 'CAS': ['1108200-72-1', '53539-37-0', '93451-44-6']}}
e853	r0	e17975	0.0	0.0	{'foodatlas_id': 'e853', 'type': 'organism:species', 'name': 'Apple', 'other_db_ids': {'NCBI_taxonomy': ['283210'], 'foodatlas_part_id': 'p0'}}	{'foodatlas_id': 'e17975', 'type': 'chemical', 'name': 'Arsenobetaine', 'other_db_ids': {'CAS': ['64436-13-1'], 'MESH': ['C038992'], 'PubChem': ['47364']}}
e15961	r0	e18703	0.0	0.0	{'foodatlas_id': 'e15961', 'type': 'organism:species', 'name': 'Brown trout', 'other_db_ids': {'NCBI_taxonomy': ['8032'], 'foodatlas_part_id': 'p0'}}	{'foodatlas_id': 'e18703', 'type': 'chemical', 'name': 'N-Acetylaspartate', 'other_db_ids': {'CAS': ['997-55-7'], 'MESH': ['C000179'], 'PubChem': ['65065']}}
e855	r0	e3229	0.0	0.0	{'foodatlas_id': 'e855', 'type': 'organism:species', 'name': 'Atlantic herring', 'other_db_ids': {'NCBI_taxonomy': ['7950'], 'foodatlas_part_id': 'p0'}}	{'foodatlas_id': 'e3229', 'type': 'chemical', 'name': 'methyl cinnamate', 'other_db_ids': {'CAS': ['103-26-4', '1754-62-7'], 'MESH': ['C025385'], 'PubChem': ['637520']}}
e14664	r0	e7976	0.0	0.0	{'foodatlas_id': 'e14664', 'type': 'organism:varietas', 'name': 'Brassica oleracea var.', 'other_db_ids': {'NCBI_taxonomy': ['178616'], 'foodatlas_part_id': 'p0'}}	{'foodatlas_id': 'e7976', 'type': 'chemical', 'name': 'aconine', 'other_db_ids': {'CAS': ['509-20-6'], 'MESH': ['C047306'], 'PubChem': ['16401653']}}
e876	r0	e7287	0.0	0.0	{'foodatlas_id': 'e876', 'type': 'organism:species', 'name': 'Chinese bayberry', 'other_db_ids': {'NCBI_taxonomy': ['262757'], 'foodatlas_part_id': 'p0'}}	{'foodatlas_id': 'e7287', 'type': 'chemical', 'name': 'N-methyl-D-aspartate', 'other_db_ids': {'CAS': ['6384-92-5'], 'MESH': ['D016202'], 'PubChem': ['22880']}}
e14805	r0	e11508	0.0	0.0	{'foodatlas_id': 'e14805', 'type': 'organism:species', 'name': 'P. hypophthalmus', 'other_db_ids': {'NCBI_taxonomy': ['310915'], 'foodatlas_part_id': 'p0'}}	{'foodatlas_id': 'e11508', 'type': 'chemical', 'name': 'polygalacic acid', 'other_db_ids': {'MESH': ['C067722'], 'PubChem': ['156599096']}}
e20527	r0	e9257	0.0	0.0	{'foodatlas_id': 'e20527', 'type': 'organism:varietas', 'name': 'Cabbage, savoy, raw', 'other_db_ids': {'NCBI_taxonomy': ['1216010'], 'foodatlas_part_id': 'p0'}}	{'foodatlas_id': 'e9257', 'type': 'chemical', 'name': 'diacetoxyscirpenol', 'other_db_ids': {'CAS': ['2270-40-8'], 'MESH': ['C001809'], 'PubChem': ['5458294']}}
e3775	r0	e2443	0.0	0.0	{'foodatlas_id': 'e3775', 'type': 'organism:species', 'name': 'Pacific ocean perch', 'other_db_ids': {'NCBI_taxonomy': ['72055'], 'foodatlas_part_id': 'p0'}}	{'foodatlas_id': 'e2443', 'type': 'chemical', 'name': 'alpha-tocotrienols', 'other_db_ids': {'CAS': ['1721-51-3', '58864-81-6'], 'MESH': ['C082032'], 'PubChem': ['5282347']}}
e958	r0	e6097	0.0	0.0	{'foodatlas_id': 'e958', 'type': 'organism:species', 'name': 'Pot marjoram', 'other_db_ids': {'NCBI_taxonomy': ['452416'], 'foodatlas_part_id': 'p0'}}	{'foodatlas_id': 'e6097', 'type': 'chemical', 'name': '5-methyltetrahydrofolate', 'other_db_ids': {'CAS': ['151533-22-1'], 'MESH': ['C005984'], 'PubChem': ['135743635']}}
e958	r0	e6108	0.0	0.0	{'foodatlas_id': 'e958', 'type': 'organism:species', 'name': 'Pot marjoram', 'other_db_ids': {'NCBI_taxonomy': ['452416'], 'foodatlas_part_id': 'p0'}}	{'foodatlas_id': 'e6108', 'type': 'chemical', 'name': '5beta-pregnanedione', 'other_db_ids': {'MESH': ['D011277']}}
e3749	r0	e9847	0.0	0.0	{'foodatlas_id': 'e3749', 'type': 'organism:varietas', 'name': 'Black cabbage', 'other_db_ids': {'NCBI_taxonomy': ['3713'], 'foodatlas_part_id': 'p0'}}	{'foodatlas_id': 'e9847', 'type': 'chemical', 'name': 'gedunin', 'other_db_ids': {'CAS': ['2753-30-2'], 'MESH': ['C106014'], 'PubChem': ['5701985']}}
e3775	r0	e2350	0.0	0.0	{'foodatlas_id': 'e3775', 'type': 'organism:species', 'name': 'Pacific ocean perch', 'other_db_ids': {'NCBI_taxonomy': ['72055'], 'foodatlas_part_id': 'p0'}}	{'foodatlas_id': 'e2350', 'type': 'chemical', 'name': 'Squamostolide', 'other_db_ids': {'MESH': ['C506354'], 'PubChem': ['11988374']}}
e3775	r0	e235	0.0	0.0	{'foodatlas_id': 'e3775', 'type': 'organism:species', 'name': 'Pacific ocean perch', 'other_db_ids': {'NCBI_taxonomy': ['72055'], 'foodatlas_part_id': 'p0'}}	{'foodatlas_id': 'e235', 'type': 'chemical', 'name': 'bullatacin', 'other_db_ids': {'MESH': ['C061022'], 'PubChem': ['6711271']}}
e20527	r0	e8804	0.0	0.0	{'foodatlas_id': 'e20527', 'type': 'organism:varietas', 'name': 'Cabbage, savoy, raw', 'other_db_ids': {'NCBI_taxonomy': ['1216010'], 'foodatlas_part_id': 'p0'}}	{'foodatlas_id': 'e8804', 'type': 'chemical', 'name': 'chaetoglobosins', 'other_db_ids': {'CAS': ['50645-76-6'], 'MESH': ['C019290'], 'PubChem': ['146159028']}}
e3749	r0	e9855	0.0	0.0	{'foodatlas_id': 'e3749', 'type': 'organism:varietas', 'name': 'Black cabbage', 'other_db_ids': {'NCBI_taxonomy': ['3713'], 'foodatlas_part_id': 'p0'}}	{'foodatlas_id': 'e9855', 'type': 'chemical', 'name': 'genkwanin', 'other_db_ids': {'CAS': ['437-64-9'], 'MESH': ['C014568'], 'PubChem': ['5281617']}}
e3775	r0	e234	0.0	0.0	{'foodatlas_id': 'e3775', 'type': 'organism:species', 'name': 'Pacific ocean perch', 'other_db_ids': {'NCBI_taxonomy': ['72055'], 'foodatlas_part_id': 'p0'}}	{'foodatlas_id': 'e234', 'type': 'chemical', 'name': 'bullatacin', 'other_db_ids': {'MESH': ['C061022'], 'PubChem': ['5319146']}}
e20527	r0	e8822	0.0	0.0	{'foodatlas_id': 'e20527', 'type': 'organism:varietas', 'name': 'Cabbage, savoy, raw', 'other_db_ids': {'NCBI_taxonomy': ['1216010'], 'foodatlas_part_id': 'p0'}}	{'foodatlas_id': 'e8822', 'type': 'chemical', 'name': 'chaetoglobosins', 'other_db_ids': {'MESH': ['C019290'], 'PubChem': ['139584942']}}
e3749	r0	e9870	0.0	0.0	{'foodatlas_id': 'e3749', 'type': 'organism:varietas', 'name': 'Black cabbage', 'other_db_ids': {'NCBI_taxonomy': ['3713'], 'foodatlas_part_id': 'p0'}}	{'foodatlas_id': 'e9870', 'type': 'chemical', 'name': 'ginkgolide P', 'other_db_ids': {'MESH': ['C579579']}}
e20601	r0	e6845	0.0	0.0	{'foodatlas_id': 'e20601', 'type': 'organism:species', 'name': 'bearded tooth mushroom', 'other_db_ids': {'NCBI_taxonomy': ['91752'], 'foodatlas_part_id': 'p0'}}	{'foodatlas_id': 'e6845', 'type': 'chemical', 'name': 'Eugenyl-beta-D-glucopyranoside', 'other_db_ids': {'CAS': ['18604-50-7'], 'MESH': ['C425250'], 'PubChem': ['3084296']}}
e3775	r0	e233	0.0	0.0	{'foodatlas_id': 'e3775', 'type': 'organism:species', 'name': 'Pacific ocean perch', 'other_db_ids': {'NCBI_taxonomy': ['72055'], 'foodatlas_part_id': 'p0'}}	{'foodatlas_id': 'e233', 'type': 'chemical', 'name': 'bullatacin', 'other_db_ids': {'MESH': ['C061022'], 'PubChem': ['42607501']}}
e958	r0	e6245	0.0	0.0	{'foodatlas_id': 'e958', 'type': 'organism:species', 'name': 'Pot marjoram', 'other_db_ids': {'NCBI_taxonomy': ['452416'], 'foodatlas_part_id': 'p0'}}	{'foodatlas_id': 'e6245', 'type': 'chemical', 'name': '9-trithiadeca', 'other_db_ids': {'MESH': ['C119266']}}
e969	r0	e17164	0.0	0.0	{'foodatlas_id': 'e969', 'type': 'organism:species', 'name': 'Rosemary', 'other_db_ids': {'NCBI_taxonomy': ['39367'], 'foodatlas_part_id': 'p0'}}	{'foodatlas_id': 'e17164', 'type': 'chemical', 'name': 'N-Acetylaspartate', 'other_db_ids': {'MESH': ['C000179'], 'PubChem': ['2042020']}}
e3775	r0	e2326	0.0	0.0	{'foodatlas_id': 'e3775', 'type': 'organism:species', 'name': 'Pacific ocean perch', 'other_db_ids': {'NCBI_taxonomy': ['72055'], 'foodatlas_part_id': 'p0'}}	{'foodatlas_id': 'e2326', 'type': 'chemical', 'name': 'Polyphosphoinositides', 'other_db_ids': {'MESH': ['D018129']}}
e3775	r0	e2325	0.0	0.0	{'foodatlas_id': 'e3775', 'type': 'organism:species', 'name': 'Pacific ocean perch', 'other_db_ids': {'NCBI_taxonomy': ['72055'], 'foodatlas_part_id': 'p0'}}	{'foodatlas_id': 'e2325', 'type': 'chemical', 'name': 'Polyphenon E', 'other_db_ids': {'MESH': ['C472086']}}
e881	r0	e2481	0.0	0.0	{'foodatlas_id': 'e881', 'type': 'organism:species', 'name': 'Cloudberry', 'other_db_ids': {'NCBI_taxonomy': ['57936'], 'foodatlas_part_id': 'p0'}}	{'foodatlas_id': 'e2481', 'type': 'chemical', 'name': 'anserine', 'other_db_ids': {'CAS': ['584-85-0'], 'MESH': ['D000861'], 'PubChem': ['112072']}}
e3775	r0	e2323	0.0	0.0	{'foodatlas_id': 'e3775', 'type': 'organism:species', 'name': 'Pacific ocean perch', 'other_db_ids': {'NCBI_taxonomy': ['72055'], 'foodatlas_part_id': 'p0'}}	{'foodatlas_id': 'e2323', 'type': 'chemical', 'name': 'Pinane', 'other_db_ids': {'CAS': ['4795-86-2', '6876-13-7'], 'MESH': ['C030216'], 'PubChem': ['10953595']}}
e3775	r0	e2322	0.0	0.0	{'foodatlas_id': 'e3775', 'type': 'organism:species', 'name': 'Pacific ocean perch', 'other_db_ids': {'NCBI_taxonomy': ['72055'], 'foodatlas_part_id': 'p0'}}	{'foodatlas_id': 'e2322', 'type': 'chemical', 'name': 'Pinane', 'other_db_ids': {'CAS': ['33626-25-4', '4755-33-3', '6876-13-7'], 'MESH': ['C030216'], 'PubChem': ['10969850']}}
e3775	r0	e2321	0.0	0.0	{'foodatlas_id': 'e3775', 'type': 'organism:species', 'name': 'Pacific ocean perch', 'other_db_ids': {'NCBI_taxonomy': ['72055'], 'foodatlas_part_id': 'p0'}}	{'foodatlas_id': 'e2321', 'type': 'chemical', 'name': 'Pinane', 'other_db_ids': {'CAS': ['1330-16-1', '473-55-2'], 'MESH': ['C030216'], 'PubChem': ['10129']}}
e1385	r0	e19734	0.0	0.0	{'foodatlas_id': 'e1385', 'type': 'organism:species', 'name': 'Summer savory', 'other_db_ids': {'NCBI_taxonomy': ['49987'], 'foodatlas_part_id': 'p0'}}	{'foodatlas_id': 'e19734', 'type': 'chemical', 'name': '4-O-Ac-Neu5Ac', 'other_db_ids': {'MESH': ['C453731']}}
e1385	r0	e19730	0.0	0.0	{'foodatlas_id': 'e1385', 'type': 'organism:species', 'name': 'Summer savory', 'other_db_ids': {'NCBI_taxonomy': ['49987'], 'foodatlas_part_id': 'p0'}}	{'foodatlas_id': 'e19730', 'type': 'chemical', 'name': 'phytostanol', 'other_db_ids': {'MESH': ['C445524']}}
e881	r0	e2480	0.0	0.0	{'foodatlas_id': 'e881', 'type': 'organism:species', 'name': 'Cloudberry', 'other_db_ids': {'NCBI_taxonomy': ['57936'], 'foodatlas_part_id': 'p0'}}	{'foodatlas_id': 'e2480', 'type': 'chemical', 'name': 'anserine', 'other_db_ids': {'CAS': ['331-38-4'], 'MESH': ['D000861'], 'PubChem': ['90658938']}}
e20527	r0	e8675	0.0	0.0	{'foodatlas_id': 'e20527', 'type': 'organism:varietas', 'name': 'Cabbage, savoy, raw', 'other_db_ids': {'NCBI_taxonomy': ['1216010'], 'foodatlas_part_id': 'p0'}}	{'foodatlas_id': 'e8675', 'type': 'chemical', 'name': 'carane', 'other_db_ids': {'CAS': ['554-59-6'], 'MESH': ['C030217'], 'PubChem': ['79043']}}
e20602	r0	e10270	0.0	0.0	{'foodatlas_id': 'e20602', 'type': 'organism:genus', 'name': 'pollock (raw)', 'other_db_ids': {'NCBI_taxonomy': ['8059'], 'foodatlas_part_id': 'p0'}}	{'foodatlas_id': 'e10270', 'type': 'chemical', 'name': 'isomenthol', 'other_db_ids': {'CAS': ['20752-33-4', '3623-52-7', '490-99-3', '98167-53-4'], 'MESH': ['C561808'], 'PubChem': ['6432468']}}
e3775	r0	e2440	0.0	0.0	{'foodatlas_id': 'e3775', 'type': 'organism:species', 'name': 'Pacific ocean perch', 'other_db_ids': {'NCBI_taxonomy': ['72055'], 'foodatlas_part_id': 'p0'}}	{'foodatlas_id': 'e2440', 'type': 'chemical', 'name': 'alpha-terpenyl acetate', 'other_db_ids': {'MESH': ['C587474']}}
e15943	r0	e9790	0.0	0.0	{'foodatlas_id': 'e15943', 'type': 'organism:species', 'name': 'A. anguilla', 'other_db_ids': {'NCBI_taxonomy': ['7936'], 'foodatlas_part_id': 'p0'}}	{'foodatlas_id': 'e9790', 'type': 'chemical', 'name': 'galascorbin', 'other_db_ids': {'MESH': ['C002944']}}
e3775	r0	e242	0.0	0.0	{'foodatlas_id': 'e3775', 'type': 'organism:species', 'name': 'Pacific ocean perch', 'other_db_ids': {'NCBI_taxonomy': ['72055'], 'foodatlas_part_id': 'p0'}}	{'foodatlas_id': 'e242', 'type': 'chemical', 'name': 'caffeoyl tartaric acid', 'other_db_ids': {'MESH': ['C474564']}}
e906	r0	e9219	0.0	0.0	{'foodatlas_id': 'e906', 'type': 'organism:species', 'name': 'Garden cress', 'other_db_ids': {'NCBI_taxonomy': ['33125'], 'foodatlas_part_id': 'p0'}}	{'foodatlas_id': 'e9219', 'type': 'chemical', 'name': 'deoxyelephantopin', 'other_db_ids': {'MESH': ['C528427'], 'PubChem': ['99904']}}
e3775	r0	e2419	0.0	0.0	{'foodatlas_id': 'e3775', 'type': 'organism:species', 'name': 'Pacific ocean perch', 'other_db_ids': {'NCBI_taxonomy': ['72055'], 'foodatlas_part_id': 'p0'}}	{'foodatlas_id': 'e2419', 'type': 'chemical', 'name': 'alpha-T', 'other_db_ids': {'CAS': ['25323-89-1', '71-55-6'], 'MESH': ['C024566'], 'PubChem': ['6278']}}
e1385	r0	e19634	0.0	0.0	{'foodatlas_id': 'e1385', 'type': 'organism:species', 'name': 'Summer savory', 'other_db_ids': {'NCBI_taxonomy': ['49987'], 'foodatlas_part_id': 'p0'}}	{'foodatlas_id': 'e19634', 'type': 'chemical', 'name': '1,25-dihydroxy vitamin D', 'other_db_ids': {'MESH': ['C118756']}}
e14664	r0	e7904	0.0	0.0	{'foodatlas_id': 'e14664', 'type': 'organism:varietas', 'name': 'Brassica oleracea var.', 'other_db_ids': {'NCBI_taxonomy': ['178616'], 'foodatlas_part_id': 'p0'}}	{'foodatlas_id': 'e7904', 'type': 'chemical', 'name': 'Vestitone', 'other_db_ids': {'CAS': ['57462-46-1', '66211-83-4'], 'MESH': ['C089075'], 'PubChem': ['171769']}}
e3749	r0	e9826	0.0	0.0	{'foodatlas_id': 'e3749', 'type': 'organism:varietas', 'name': 'Black cabbage', 'other_db_ids': {'NCBI_taxonomy': ['3713'], 'foodatlas_part_id': 'p0'}}	{'foodatlas_id': 'e9826', 'type': 'chemical', 'name': 'ganoderic acid A', 'other_db_ids': {'MESH': ['C515005'], 'PubChem': ['73554535']}}
e20601	r0	e9590	0.0	0.0	{'foodatlas_id': 'e20601', 'type': 'organism:species', 'name': 'bearded tooth mushroom', 'other_db_ids': {'NCBI_taxonomy': ['91752'], 'foodatlas_part_id': 'p0'}}	{'foodatlas_id': 'e9590', 'type': 'chemical', 'name': 'eucalyptus oil', 'other_db_ids': {'MESH': ['D000078122']}}
e3749	r0	e9832	0.0	0.0	{'foodatlas_id': 'e3749', 'type': 'organism:varietas', 'name': 'Black cabbage', 'other_db_ids': {'NCBI_taxonomy': ['3713'], 'foodatlas_part_id': 'p0'}}	{'foodatlas_id': 'e9832', 'type': 'chemical', 'name': 'garcimangosone D', 'other_db_ids': {'CAS': ['356055-68-0'], 'MESH': ['C435264'], 'PubChem': ['11003703']}}
e1385	r0	e19663	0.0	0.0	{'foodatlas_id': 'e1385', 'type': 'organism:species', 'name': 'Summer savory', 'other_db_ids': {'NCBI_taxonomy': ['49987'], 'foodatlas_part_id': 'p0'}}	{'foodatlas_id': 'e19663', 'type': 'chemical', 'name': 'stanol esters', 'other_db_ids': {'MESH': ['C407042']}}
e12666	r0	e1716	0.0	0.0	{'foodatlas_id': 'e12666', 'type': 'organism:varietas', 'name': 'spinach, mustard', 'other_db_ids': {'NCBI_taxonomy': ['344680'], 'foodatlas_part_id': 'p0'}}	{'foodatlas_id': 'e1716', 'type': 'chemical', 'name': 'borneol', 'other_db_ids': {'CAS': ['507-70-0'], 'MESH': ['C022871'], 'PubChem': ['657014']}}
e15866	r0	e19024	0.0	0.0	{'foodatlas_id': 'e15866', 'type': 'organism:species', 'name': 'Coregonus lavaretus', 'other_db_ids': {'NCBI_taxonomy': ['59291'], 'foodatlas_part_id': 'p0'}}	"{'foodatlas_id': 'e19024', 'type': 'chemical', 'name': ""5,7,4'-trimethoxyflavone"", 'other_db_ids': {'CAS': ['5631-70-9'], 'MESH': ['C103112'], 'PubChem': ['79730']}}"
e15866	r0	e19005	0.0	0.0	{'foodatlas_id': 'e15866', 'type': 'organism:species', 'name': 'Coregonus lavaretus', 'other_db_ids': {'NCBI_taxonomy': ['59291'], 'foodatlas_part_id': 'p0'}}	{'foodatlas_id': 'e19005', 'type': 'chemical', 'name': '4-O-Methylgallic acid', 'other_db_ids': {'CAS': ['4319-02-2'], 'MESH': ['C024272'], 'PubChem': ['78016']}}
e3775	r0	e237	0.0	0.0	{'foodatlas_id': 'e3775', 'type': 'organism:species', 'name': 'Pacific ocean perch', 'other_db_ids': {'NCBI_taxonomy': ['72055'], 'foodatlas_part_id': 'p0'}}	{'foodatlas_id': 'e237', 'type': 'chemical', 'name': 'cafestol', 'other_db_ids': {'CAS': ['469-83-0'], 'MESH': ['C053400'], 'PubChem': ['108052']}}
e1385	r0	e19704	0.0	0.0	{'foodatlas_id': 'e1385', 'type': 'organism:species', 'name': 'Summer savory', 'other_db_ids': {'NCBI_taxonomy': ['49987'], 'foodatlas_part_id': 'p0'}}	{'foodatlas_id': 'e19704', 'type': 'chemical', 'name': 'N-desmethyl-3-oxo I', 'other_db_ids': {'MESH': ['C429214']}}
e3775	r0	e2365	0.0	0.0	{'foodatlas_id': 'e3775', 'type': 'organism:species', 'name': 'Pacific ocean perch', 'other_db_ids': {'NCBI_taxonomy': ['72055'], 'foodatlas_part_id': 'p0'}}	{'foodatlas_id': 'e2365', 'type': 'chemical', 'name': 'Tinctormine', 'other_db_ids': {'MESH': ['C080189'], 'PubChem': ['129636912']}}
e20527	r0	e8656	0.0	0.0	{'foodatlas_id': 'e20527', 'type': 'organism:varietas', 'name': 'Cabbage, savoy, raw', 'other_db_ids': {'NCBI_taxonomy': ['1216010'], 'foodatlas_part_id': 'p0'}}	{'foodatlas_id': 'e8656', 'type': 'chemical', 'name': 'camphane', 'other_db_ids': {'CAS': ['464-15-3'], 'MESH': ['C067796'], 'PubChem': ['92108']}}
e1258	r0	e5080	0.0	0.0	{'foodatlas_id': 'e1258', 'type': 'organism:species', 'name': 'Nanking cherry', 'other_db_ids': {'NCBI_taxonomy': ['105667'], 'foodatlas_part_id': 'p0'}}	{'foodatlas_id': 'e5080', 'type': 'chemical', 'name': 'L-citrulline', 'other_db_ids': {'CAS': ['372-75-8'], 'MESH': ['D002956'], 'PubChem': ['9750']}}
e3775	r0	e2320	0.0	0.0	{'foodatlas_id': 'e3775', 'type': 'organism:species', 'name': 'Pacific ocean perch', 'other_db_ids': {'NCBI_taxonomy': ['72055'], 'foodatlas_part_id': 'p0'}}	{'foodatlas_id': 'e2320', 'type': 'chemical', 'name': 'Pinane', 'other_db_ids': {'CAS': ['10281-53-5', '33626-25-4'], 'MESH': ['C030216'], 'PubChem': ['6429433']}}
e1291	r0	e18703	0.0	0.0	{'foodatlas_id': 'e1291', 'type': 'organism:species', 'name': 'Sweet orange', 'other_db_ids': {'NCBI_taxonomy': ['2711'], 'foodatlas_part_id': 'p0'}}	{'foodatlas_id': 'e18703', 'type': 'chemical', 'name': 'N-Acetylaspartate', 'other_db_ids': {'CAS': ['997-55-7'], 'MESH': ['C000179'], 'PubChem': ['65065']}}
e3775	r0	e2259	0.0	0.0	{'foodatlas_id': 'e3775', 'type': 'organism:species', 'name': 'Pacific ocean perch', 'other_db_ids': {'NCBI_taxonomy': ['72055'], 'foodatlas_part_id': 'p0'}}	{'foodatlas_id': 'e2259', 'type': 'chemical', 'name': 'Myrtocyan', 'other_db_ids': {'MESH': ['C073305']}}
e1258	r0	e4842	0.0	0.0	{'foodatlas_id': 'e1258', 'type': 'organism:species', 'name': 'Nanking cherry', 'other_db_ids': {'NCBI_taxonomy': ['105667'], 'foodatlas_part_id': 'p0'}}	{'foodatlas_id': 'e4842', 'type': 'chemical', 'name': 'somatostatin', 'other_db_ids': {'CAS': ['38916-34-6', '51110-01-1'], 'MESH': ['D013004'], 'PubChem': ['16129681']}}
e958	r0	e6608	0.0	0.0	{'foodatlas_id': 'e958', 'type': 'organism:species', 'name': 'Pot marjoram', 'other_db_ids': {'NCBI_taxonomy': ['452416'], 'foodatlas_part_id': 'p0'}}	{'foodatlas_id': 'e6608', 'type': 'chemical', 'name': 'CoASH', 'other_db_ids': {'CAS': ['85-61-0'], 'MESH': ['D003065'], 'PubChem': ['25113190']}}
e1347	r0	e17978	0.0	0.0	{'foodatlas_id': 'e1347', 'type': 'organism:species', 'name': 'Gram bean', 'other_db_ids': {'NCBI_taxonomy': ['3915'], 'foodatlas_part_id': 'p0'}}	{'foodatlas_id': 'e17978', 'type': 'chemical', 'name': 'Dihydroguaiaretic acid', 'other_db_ids': {'CAS': ['66322-34-7'], 'MESH': ['C015816'], 'PubChem': ['476856']}}
e1291	r0	e7287	0.0	0.0	{'foodatlas_id': 'e1291', 'type': 'organism:species', 'name': 'Sweet orange', 'other_db_ids': {'NCBI_taxonomy': ['2711'], 'foodatlas_part_id': 'p0'}}	{'foodatlas_id': 'e7287', 'type': 'chemical', 'name': 'N-methyl-D-aspartate', 'other_db_ids': {'CAS': ['6384-92-5'], 'MESH': ['D016202'], 'PubChem': ['22880']}}
e20527	r0	e9228	0.0	0.0	{'foodatlas_id': 'e20527', 'type': 'organism:varietas', 'name': 'Cabbage, savoy, raw', 'other_db_ids': {'NCBI_taxonomy': ['1216010'], 'foodatlas_part_id': 'p0'}}	{'foodatlas_id': 'e9228', 'type': 'chemical', 'name': 'deoxyxylulose phosphate', 'other_db_ids': {'MESH': ['C492551']}}
e4747	r0	e16975	0.0	0.0	{'foodatlas_id': 'e4747', 'type': 'organism:species', 'name': 'Climbing bean', 'other_db_ids': {'NCBI_taxonomy': ['87088'], 'foodatlas_part_id': 'p0'}}	{'foodatlas_id': 'e16975', 'type': 'chemical', 'name': 'Protopanaxtriol', 'other_db_ids': {'MESH': ['C576739'], 'PubChem': ['161798']}}
e1385	r0	e19848	0.0	0.0	{'foodatlas_id': 'e1385', 'type': 'organism:species', 'name': 'Summer savory', 'other_db_ids': {'NCBI_taxonomy': ['49987'], 'foodatlas_part_id': 'p0'}}	{'foodatlas_id': 'e19848', 'type': 'chemical', 'name': 'N-acetylneuraminosyl', 'other_db_ids': {'MESH': ['C503496']}}
e891	r0	e2914	0.0	0.0	{'foodatlas_id': 'e891', 'type': 'organism:species', 'name': 'Cusk', 'other_db_ids': {'NCBI_taxonomy': ['81638'], 'foodatlas_part_id': 'p0'}}	{'foodatlas_id': 'e2914', 'type': 'chemical', 'name': 'friedelin', 'other_db_ids': {'CAS': ['559-74-0'], 'MESH': ['C060796'], 'PubChem': ['91472']}}
e20527	r0	e9251	0.0	0.0	{'foodatlas_id': 'e20527', 'type': 'organism:varietas', 'name': 'Cabbage, savoy, raw', 'other_db_ids': {'NCBI_taxonomy': ['1216010'], 'foodatlas_part_id': 'p0'}}	{'foodatlas_id': 'e9251', 'type': 'chemical', 'name': 'diacetoxyscirpenol', 'other_db_ids': {'CAS': ['2270-40-8'], 'MESH': ['C001809'], 'PubChem': ['129631969']}}
e20527	r0	e9252	0.0	0.0	{'foodatlas_id': 'e20527', 'type': 'organism:varietas', 'name': 'Cabbage, savoy, raw', 'other_db_ids': {'NCBI_taxonomy': ['1216010'], 'foodatlas_part_id': 'p0'}}	{'foodatlas_id': 'e9252', 'type': 'chemical', 'name': 'diacetoxyscirpenol', 'other_db_ids': {'CAS': ['2270-40-8'], 'MESH': ['C001809'], 'PubChem': ['146158250']}}
e14805	r0	e11503	0.0	0.0	{'foodatlas_id': 'e14805', 'type': 'organism:species', 'name': 'P. hypophthalmus', 'other_db_ids': {'NCBI_taxonomy': ['310915'], 'foodatlas_part_id': 'p0'}}	{'foodatlas_id': 'e11503', 'type': 'chemical', 'name': 'polygalacic acid', 'other_db_ids': {'MESH': ['C067722'], 'PubChem': ['12314427']}}
e20527	r0	e9253	0.0	0.0	{'foodatlas_id': 'e20527', 'type': 'organism:varietas', 'name': 'Cabbage, savoy, raw', 'other_db_ids': {'NCBI_taxonomy': ['1216010'], 'foodatlas_part_id': 'p0'}}	{'foodatlas_id': 'e9253', 'type': 'chemical', 'name': 'diacetoxyscirpenol', 'other_db_ids': {'CAS': ['2270-40-8'], 'MESH': ['C001809'], 'PubChem': ['15571694']}}
e969	r0	e18703	0.0	0.0	{'foodatlas_id': 'e969', 'type': 'organism:species', 'name': 'Rosemary', 'other_db_ids': {'NCBI_taxonomy': ['39367'], 'foodatlas_part_id': 'p0'}}	{'foodatlas_id': 'e18703', 'type': 'chemical', 'name': 'N-Acetylaspartate', 'other_db_ids': {'CAS': ['997-55-7'], 'MESH': ['C000179'], 'PubChem': ['65065']}}
e20527	r0	e9254	0.0	0.0	{'foodatlas_id': 'e20527', 'type': 'organism:varietas', 'name': 'Cabbage, savoy, raw', 'other_db_ids': {'NCBI_taxonomy': ['1216010'], 'foodatlas_part_id': 'p0'}}	{'foodatlas_id': 'e9254', 'type': 'chemical', 'name': 'diacetoxyscirpenol', 'other_db_ids': {'CAS': ['2270-40-8'], 'MESH': ['C001809'], 'PubChem': ['301118']}}
e15866	r0	e1875	0.0	0.0	{'foodatlas_id': 'e15866', 'type': 'organism:species', 'name': 'Coregonus lavaretus', 'other_db_ids': {'NCBI_taxonomy': ['59291'], 'foodatlas_part_id': 'p0'}}	{'foodatlas_id': 'e1875', 'type': 'chemical', 'name': 'neoglucobrassicin', 'other_db_ids': {'CAS': ['5187-84-8'], 'MESH': ['C064701', 'C555404'], 'PubChem': ['6828856']}}
e20527	r0	e9255	0.0	0.0	{'foodatlas_id': 'e20527', 'type': 'organism:varietas', 'name': 'Cabbage, savoy, raw', 'other_db_ids': {'NCBI_taxonomy': ['1216010'], 'foodatlas_part_id': 'p0'}}	{'foodatlas_id': 'e9255', 'type': 'chemical', 'name': 'diacetoxyscirpenol', 'other_db_ids': {'CAS': ['2270-40-8'], 'MESH': ['C001809'], 'PubChem': ['422111']}}
e3775	r0	e225	0.0	0.0	{'foodatlas_id': 'e3775', 'type': 'organism:species', 'name': 'Pacific ocean perch', 'other_db_ids': {'NCBI_taxonomy': ['72055'], 'foodatlas_part_id': 'p0'}}	{'foodatlas_id': 'e225', 'type': 'chemical', 'name': 'bullatacin', 'other_db_ids': {'CAS': ['102989-24-2', '123123-32-0'], 'MESH': ['C061022'], 'PubChem': ['9960731']}}
e20527	r0	e9256	0.0	0.0	{'foodatlas_id': 'e20527', 'type': 'organism:varietas', 'name': 'Cabbage, savoy, raw', 'other_db_ids': {'NCBI_taxonomy': ['1216010'], 'foodatlas_part_id': 'p0'}}	{'foodatlas_id': 'e9256', 'type': 'chemical', 'name': 'diacetoxyscirpenol', 'other_db_ids': {'CAS': ['2270-40-8'], 'MESH': ['C001809'], 'PubChem': ['53662469']}}
e1385	r0	e19858	0.0	0.0	{'foodatlas_id': 'e1385', 'type': 'organism:species', 'name': 'Summer savory', 'other_db_ids': {'NCBI_taxonomy': ['49987'], 'foodatlas_part_id': 'p0'}}	{'foodatlas_id': 'e19858', 'type': 'chemical', 'name': '6-deoxo-28-norCS', 'other_db_ids': {'MESH': ['C507186']}}
e906	r0	e8268	0.0	0.0	{'foodatlas_id': 'e906', 'type': 'organism:species', 'name': 'Garden cress', 'other_db_ids': {'NCBI_taxonomy': ['33125'], 'foodatlas_part_id': 'p0'}}	{'foodatlas_id': 'e8268', 'type': 'chemical', 'name': 'artemisin', 'other_db_ids': {'MESH': ['C075875'], 'PubChem': ['621620']}}
e1258	r0	e4847	0.0	0.0	{'foodatlas_id': 'e1258', 'type': 'organism:species', 'name': 'Nanking cherry', 'other_db_ids': {'NCBI_taxonomy': ['105667'], 'foodatlas_part_id': 'p0'}}	{'foodatlas_id': 'e4847', 'type': 'chemical', 'name': 'somatostatin', 'other_db_ids': {'CAS': ['38916-34-6'], 'MESH': ['D013004'], 'PubChem': ['16161315']}}
e20527	r0	e8951	0.0	0.0	{'foodatlas_id': 'e20527', 'type': 'organism:varietas', 'name': 'Cabbage, savoy, raw', 'other_db_ids': {'NCBI_taxonomy': ['1216010'], 'foodatlas_part_id': 'p0'}}	{'foodatlas_id': 'e8951', 'type': 'chemical', 'name': 'clethodim', 'other_db_ids': {'CAS': ['99129-21-2'], 'MESH': ['C441919'], 'PubChem': ['135491728']}}
e20601	r0	e3624	0.0	0.0	{'foodatlas_id': 'e20601', 'type': 'organism:species', 'name': 'bearded tooth mushroom', 'other_db_ids': {'NCBI_taxonomy': ['91752'], 'foodatlas_part_id': 'p0'}}	{'foodatlas_id': 'e3624', 'type': 'chemical', 'name': 'stigmasterol glucoside', 'other_db_ids': {'MESH': ['C054293', 'C464587'], 'PubChem': ['161293']}}
e4545	r0	e6097	0.0	0.0	{'foodatlas_id': 'e4545', 'type': 'organism:species', 'name': 'Black salsify', 'other_db_ids': {'NCBI_taxonomy': ['114289'], 'foodatlas_part_id': 'p0'}}	{'foodatlas_id': 'e6097', 'type': 'chemical', 'name': '5-methyltetrahydrofolate', 'other_db_ids': {'CAS': ['151533-22-1'], 'MESH': ['C005984'], 'PubChem': ['135743635']}}
e3775	r0	e2310	0.0	0.0	{'foodatlas_id': 'e3775', 'type': 'organism:species', 'name': 'Pacific ocean perch', 'other_db_ids': {'NCBI_taxonomy': ['72055'], 'foodatlas_part_id': 'p0'}}	{'foodatlas_id': 'e2310', 'type': 'chemical', 'name': 'PGG', 'other_db_ids': {'MESH': ['D011462']}}
e876	r0	e18703	0.0	0.0	{'foodatlas_id': 'e876', 'type': 'organism:species', 'name': 'Chinese bayberry', 'other_db_ids': {'NCBI_taxonomy': ['262757'], 'foodatlas_part_id': 'p0'}}	{'foodatlas_id': 'e18703', 'type': 'chemical', 'name': 'N-Acetylaspartate', 'other_db_ids': {'CAS': ['997-55-7'], 'MESH': ['C000179'], 'PubChem': ['65065']}}
e3775	r0	e231	0.0	0.0	{'foodatlas_id': 'e3775', 'type': 'organism:species', 'name': 'Pacific ocean perch', 'other_db_ids': {'NCBI_taxonomy': ['72055'], 'foodatlas_part_id': 'p0'}}	{'foodatlas_id': 'e231', 'type': 'chemical', 'name': 'bullatacin', 'other_db_ids': {'CAS': ['123123-32-0'], 'MESH': ['C061022'], 'PubChem': ['441555']}}
e1347	r0	e18289	0.0	0.0	{'foodatlas_id': 'e1347', 'type': 'organism:species', 'name': 'Gram bean', 'other_db_ids': {'NCBI_taxonomy': ['3915'], 'foodatlas_part_id': 'p0'}}	{'foodatlas_id': 'e18289', 'type': 'chemical', 'name': 'Licarin A', 'other_db_ids': {'CAS': ['51020-86-1'], 'MESH': ['C432503'], 'PubChem': ['5384941']}}
e3775	r0	e2304	0.0	0.0	{'foodatlas_id': 'e3775', 'type': 'organism:species', 'name': 'Pacific ocean perch', 'other_db_ids': {'NCBI_taxonomy': ['72055'], 'foodatlas_part_id': 'p0'}}	{'foodatlas_id': 'e2304', 'type': 'chemical', 'name': 'PCh', 'other_db_ids': {'CAS': ['5072-54-8'], 'MESH': ['C009062'], 'PubChem': ['75612']}}
e20601	r0	e5303	0.0	0.0	{'foodatlas_id': 'e20601', 'type': 'organism:species', 'name': 'bearded tooth mushroom', 'other_db_ids': {'NCBI_taxonomy': ['91752'], 'foodatlas_part_id': 'p0'}}	"{'foodatlas_id': 'e5303', 'type': 'chemical', 'name': ""quercetin-7-O-(6''-O-acetyl)-beta-D-glucopyranoside"", 'other_db_ids': {'MESH': ['C110311']}}"
e3775	r0	e2293	0.0	0.0	{'foodatlas_id': 'e3775', 'type': 'organism:species', 'name': 'Pacific ocean perch', 'other_db_ids': {'NCBI_taxonomy': ['72055'], 'foodatlas_part_id': 'p0'}}	{'foodatlas_id': 'e2293', 'type': 'chemical', 'name': 'OEO', 'other_db_ids': {'MESH': ['C571173']}}
e3775	r0	e229	0.0	0.0	{'foodatlas_id': 'e3775', 'type': 'organism:species', 'name': 'Pacific ocean perch', 'other_db_ids': {'NCBI_taxonomy': ['72055'], 'foodatlas_part_id': 'p0'}}	{'foodatlas_id': 'e229', 'type': 'chemical', 'name': 'bullatacin', 'other_db_ids': {'CAS': ['123123-32-0'], 'MESH': ['C061022'], 'PubChem': ['183613']}}
e958	r0	e6388	0.0	0.0	{'foodatlas_id': 'e958', 'type': 'organism:species', 'name': 'Pot marjoram', 'other_db_ids': {'NCBI_taxonomy': ['452416'], 'foodatlas_part_id': 'p0'}}	{'foodatlas_id': 'e6388', 'type': 'chemical', 'name': 'BC', 'other_db_ids': {'MESH': ['C540010']}}
e958	r0	e6389	0.0	0.0	{'foodatlas_id': 'e958', 'type': 'organism:species', 'name': 'Pot marjoram', 'other_db_ids': {'NCBI_taxonomy': ['452416'], 'foodatlas_part_id': 'p0'}}	{'foodatlas_id': 'e6389', 'type': 'chemical', 'name': 'BCC72023', 'other_db_ids': {'MESH': ['C543251']}}
e3749	r0	e9952	0.0	0.0	{'foodatlas_id': 'e3749', 'type': 'organism:varietas', 'name': 'Black cabbage', 'other_db_ids': {'NCBI_taxonomy': ['3713'], 'foodatlas_part_id': 'p0'}}	{'foodatlas_id': 'e9952', 'type': 'chemical', 'name': 'grandifloric acid', 'other_db_ids': {'CAS': ['22338-69-8'], 'MESH': ['C007885'], 'PubChem': ['159930']}}
e12660	r0	e2307	0.0	0.0	{'foodatlas_id': 'e12660', 'type': 'organism:species', 'name': 'V. parvifolium', 'other_db_ids': {'NCBI_taxonomy': ['180766'], 'foodatlas_part_id': 'p0'}}	{'foodatlas_id': 'e2307', 'type': 'chemical', 'name': 'PFOS', 'other_db_ids': {'CAS': ['1763-23-1'], 'MESH': ['C076994'], 'PubChem': ['74483']}}
e1347	r0	e18113	0.0	0.0	{'foodatlas_id': 'e1347', 'type': 'organism:species', 'name': 'Gram bean', 'other_db_ids': {'NCBI_taxonomy': ['3915'], 'foodatlas_part_id': 'p0'}}	{'foodatlas_id': 'e18113', 'type': 'chemical', 'name': 'Licarin A', 'other_db_ids': {'MESH': ['C432503'], 'PubChem': ['5281836']}}
e20601	r0	e4949	0.0	0.0	{'foodatlas_id': 'e20601', 'type': 'organism:species', 'name': 'bearded tooth mushroom', 'other_db_ids': {'NCBI_taxonomy': ['91752'], 'foodatlas_part_id': 'p0'}}	{'foodatlas_id': 'e4949', 'type': 'chemical', 'name': 'lithospermic acid', 'other_db_ids': {'MESH': ['C046833'], 'PubChem': ['5281302']}}
e4747	r0	e17175	0.0	0.0	{'foodatlas_id': 'e4747', 'type': 'organism:species', 'name': 'Climbing bean', 'other_db_ids': {'NCBI_taxonomy': ['87088'], 'foodatlas_part_id': 'p0'}}	{'foodatlas_id': 'e17175', 'type': 'chemical', 'name': '2alpha-hydroxyursolic acid', 'other_db_ids': {'CAS': ['72881-13-1'], 'MESH': ['C412810'], 'PubChem': ['21123469']}}
e4747	r0	e17164	0.0	0.0	{'foodatlas_id': 'e4747', 'type': 'organism:species', 'name': 'Climbing bean', 'other_db_ids': {'NCBI_taxonomy': ['87088'], 'foodatlas_part_id': 'p0'}}	{'foodatlas_id': 'e17164', 'type': 'chemical', 'name': 'N-Acetylaspartate', 'other_db_ids': {'MESH': ['C000179'], 'PubChem': ['2042020']}}
e1347	r0	e18039	0.0	0.0	{'foodatlas_id': 'e1347', 'type': 'organism:species', 'name': 'Gram bean', 'other_db_ids': {'NCBI_taxonomy': ['3915'], 'foodatlas_part_id': 'p0'}}	{'foodatlas_id': 'e18039', 'type': 'chemical', 'name': 'Metamizole', 'other_db_ids': {'CAS': ['5907-38-0', '68-89-3'], 'MESH': ['D004177'], 'PubChem': ['522325']}}
e991	r0	e19501	0.0	0.0	{'foodatlas_id': 'e991', 'type': 'organism:species', 'name': 'Sweet marjoram', 'other_db_ids': {'NCBI_taxonomy': ['268884'], 'foodatlas_part_id': 'p0'}}	{'foodatlas_id': 'e19501', 'type': 'chemical', 'name': 'Cc-LDHA', 'other_db_ids': {'MESH': ['C066468']}}
e3781	r0	e1716	0.0	0.0	{'foodatlas_id': 'e3781', 'type': 'organism', 'name': 'Sea cucumber', 'other_db_ids': {'NCBI_taxonomy': ['7689'], 'foodatlas_part_id': 'p0'}}	{'foodatlas_id': 'e1716', 'type': 'chemical', 'name': 'borneol', 'other_db_ids': {'CAS': ['507-70-0'], 'MESH': ['C022871'], 'PubChem': ['657014']}}
