head	relation	tail	prob_mean	prob_std	head_info	tail_info	Validation	Reference	Sentence	Note			
e891	r0	e4937	0.965136063	0.034626175	{'foodatlas_id': 'e891', type': 'organism:varietas', 'name': 'Cusk', 'other_db_ids': {'NCBI_taxonomy': ['81638'], 'foodatlas_part_id': 'p0'}}	{'foodatlas_id': 'e4937', 'type': 'chemical', 'name': 'NaCl', 'other_db_ids': {'CAS': ['14762-51-7', '32343-72-9', '7647-14-5'], 'MESH': ['D012965'], 'PubChem': ['5234']}}	Yes	Common sense					
e947	r0	e196	0.958716249	0.040083053	{'foodatlas_id': 'e947', type': 'organism:varietas', 'name': 'Parsley', 'other_db_ids': {'NCBI_taxonomy': ['4043'], 'foodatlas_part_id': 'p0'}}	{'foodatlas_id': 'e196', 'type': 'chemical', 'name': 'arsenic', 'other_db_ids': {'MESH': ['D001151']}}	Yes						
e1321	r0	e4883	0.9557055	0.02710994	{'foodatlas_id': 'e1321', type': 'organism:varietas', 'name': 'Chinese cabbage', 'other_db_ids': {'NCBI_taxonomy': ['3711'], 'foodatlas_part_id': 'p0'}}	{'foodatlas_id': 'e4883', 'type': 'chemical', 'name': 'Cr', 'other_db_ids': {'CAS': ['16065-83-1', '7440-47-3'], 'MESH': ['D002857'], 'PubChem': ['23976']}}	Yes						
e1908	r0	e689	0.950356317	0.050306257	{'foodatlas_id': 'e1908', 'type': 'organism:varietas', zy 'Pepper (C. frutescens)', 'other_db_ids': {'NCBI_taxonomy': ['40321'], 'foodatlas_part_id': 'p0'}}	{'foodatlas_id': 'e689', 'type': 'chemical', 'name': 'potassium', 'other_db_ids': {'CAS': ['7440-09-7'], 'MESH': ['D011188'], 'PubChem': ['5462222']}}	Yes	Common sense		Potassium (K) is an essential nutrient for plant growth.			
e932	r0	e1548	0.93334738	0.064892392	{'foodatlas_id': 'e932', type': 'organism:varietas', 'name': 'Malabar spinach', 'other_db_ids': {'NCBI_taxonomy': ['3589'], 'foodatlas_part_id': 'p0'}}	{'foodatlas_id': 'e1548', 'type': 'chemical', 'name': 'Mg', 'other_db_ids': {'CAS': ['60616-74-2', '7439-95-4'], 'MESH': ['D008274'], 'PubChem': ['5462224']}}	Yes	Common sense		Magnesium is the central core of the chlorophyll molecule in plant tissue			
e1305	r0	e1612	0.932688403	0.049178672	{'foodatlas_id': 'e1305', type': 'organism:varietas', 'name': 'Jackfruit', 'other_db_ids': {'NCBI_taxonomy': ['3489'], 'foodatlas_part_id': 'p0'}}	{'foodatlas_id': 'e1612', 'type': 'chemical', 'name': 'polyphenolic', 'other_db_ids': {'MESH': ['C476595']}}	NER error			GI 5269 again			
e1305	r0	e1614	0.916935897	0.042876203	{'foodatlas_id': 'e1305', type': 'organism:varietas', 'name': 'Jackfruit', 'other_db_ids': {'NCBI_taxonomy': ['3489'], 'foodatlas_part_id': 'p0'}}	{'foodatlas_id': 'e1614', 'type': 'chemical', 'name': 'Triterpenoids', 'other_db_ids': {'MESH': ['C520592']}}	Unknown	https://www.jrheum.org/content/jrheum/34/5/1058.full.pdf		Landplant-synthetic			
e4719	r0	e1619	0.9160411	0.040967346	{'foodatlas_id': 'e4719', type': 'organism:varietas', 'name': 'Maitake', 'other_db_ids': {'NCBI_taxonomy': ['5627'], 'foodatlas_part_id': 'p0'}}	{'foodatlas_id': 'e1619', 'type': 'chemical', 'name': 'Carotenoids', 'other_db_ids': {'MESH': ['D002338']}}	Unknown	https://www.sciencedirect.com/science/article/pii/S0308814603005788		at least beta-carotene is not included in Grifola frondosa			
e1321	r0	e1631	0.913268924	0.064295929	{'foodatlas_id': 'e1321', type': 'organism:varietas', 'name': 'Chinese cabbage', 'other_db_ids': {'NCBI_taxonomy': ['3711'], 'foodatlas_part_id': 'p0'}}	{'foodatlas_id': 'e1631', 'type': 'chemical', 'name': 'phenol', 'other_db_ids': {'MESH': ['D010636']}}	Yes	https://www.sciencedirect.com/science/article/pii/S0031942202002376	A flavonoid from Brassica rapa flower as the UV-absorbing nectar guide	flavonoid is a phenolic compound			
e949	r0	e1617	0.910490334	0.040977486	{'foodatlas_id': 'e949', type': 'organism:varietas', 'name': 'Passion fruit', 'other_db_ids': {'NCBI_taxonomy': ['78168'], 'foodatlas_part_id': 'p0'}}	{'foodatlas_id': 'e1617', 'type': 'chemical', 'name': 'caffeic acid', 'other_db_ids': {'MESH': ['D002109']}}	Yes	https://www.tandfonline.com/doi/full/10.1080/15538362.2021.1872050	Chromatogram of the phenolic profile of LLE extracts from passion fruit pulp from species P. edulis (a) and P. cincinnata (b), as obtained by RP-HPLC/DAD. Legend: 1- gallic acid, 2- syringic acid, 3- hesperidin, 4- cis-resveratrol, 5- naringenin, 6- procyanidin B1, 7- epigallocatechin-gallate, 8- catechin, 9- procyanidin B2, 10- epicatechin, 11- epicatechin-gallate, 12- trans-caftaric acid, 13- chlorogenic acid, 14- caffeic acid				
e1345	r0	e1616	0.876390123	0.060013488	{'foodatlas_id': 'e1345', type': 'organism:varietas', 'name': 'Adzuki bean', 'other_db_ids': {'NCBI_taxonomy': ['3914'], 'foodatlas_part_id': 'p0'}}	{'foodatlas_id': 'e1616', 'type': 'chemical', 'name': 'tannic acid', 'other_db_ids': {'MESH': ['D000596']}}	Yes	Common sense		Amino acids in all plant			
e4567	r0	e773	0.873575962	0.063496096	{'foodatlas_id': 'e4567', type': 'organism:varietas', 'name': 'Common ling', 'other_db_ids': {'NCBI_taxonomy': ['163112'], 'foodatlas_part_id': 'p0'}}	{'foodatlas_id': 'e773', 'type': 'chemical', 'name': 'steroids', 'other_db_ids': {'MESH': ['D013256']}}	Yes	Common sense		steroid in all vertebrate			
e1262	r0	e669	0.870148301	0.059249922	{'foodatlas_id': 'e1262', type': 'organism:varietas', 'name': 'Chinese cinnamon', 'other_db_ids': {'NCBI_taxonomy': ['119260'], 'foodatlas_part_id': 'p0'}}	{'foodatlas_id': 'e669', 'type': 'chemical', 'name': 'phenol', 'other_db_ids': {'CAS': ['108-95-2', '27073-41-2', '61788-41-8', '63496-48-0', '65996-83-0', '73607-76-8'], 'MESH': ['D019800'], 'PubChem': ['996']}}	Unknown	https://www.sciencedirect.com/science/article/pii/S1466856409000605		''phenolic''' content			
e20531	r0	e1446	0.857456255	0.108688275	{'foodatlas_id': 'e20531', type': 'organism:varietas', 'name': 'Loquat, raw', 'other_db_ids': {'NCBI_taxonomy': ['2843217'], 'foodatlas_part_id': 'p0'}}	{'foodatlas_id': 'e1446', 'type': 'chemical', 'name': 'folate', 'other_db_ids': {'CAS': ['59-30-3'], 'MESH': ['D005492'], 'PubChem': ['135398658']}}	Yes			I faild to find a paper but found the articles indicating that loquat is source of vitamin B9. vitamin B9 is not rare among fruites	Loquat: 7 Potential Health Benefits, Nutrition Facts, And Side Effects (stylecraze.com)	7 Surprising Benefits of Loquats (healthline.com)	Loquat: Health Benefits, Nutrition Information, Dosage, and More (webmd.com)
e1368	r0	e689	0.853535426	0.086918235	{'foodatlas_id': 'e1368', type': 'organism:varietas', 'name': 'Sacred lotus', 'other_db_ids': {'NCBI_taxonomy': ['4432'], 'foodatlas_part_id': 'p0'}}	{'foodatlas_id': 'e689', 'type': 'chemical', 'name': 'potassium', 'other_db_ids': {'CAS': ['7440-09-7'], 'MESH': ['D011188'], 'PubChem': ['5462222']}}	Yes	Common sense		Potassium (K) is an essential nutrient for plant growth.			
e15992	r0	e36	0.851144683	0.046611729	{'foodatlas_id': 'e15992', type': 'organism:varietas', 'name': 'European plaice', 'other_db_ids': {'NCBI_taxonomy': ['8262'], 'foodatlas_part_id': 'p0'}}	{'foodatlas_id': 'e36', 'type': 'chemical', 'name': 'DHA', 'other_db_ids': {'CAS': ['93470-46-3'], 'MESH': ['D004281'], 'PubChem': ['6442063']}}	Yes	https://www.sciencedirect.com/science/article/pii/S0308814622021173					
e1281	r0	e1631	0.85050863	0.048001176	{'foodatlas_id': 'e1281', type': 'organism:varietas', 'name': 'Orange mint', 'other_db_ids': {'NCBI_taxonomy': ['190902'], 'foodatlas_part_id': 'p0'}}	{'foodatlas_id': 'e1631', 'type': 'chemical', 'name': 'phenol', 'other_db_ids': {'MESH': ['D010636']}}	Yes	https://www.sciencedirect.com/science/article/pii/S0031942298006724	Free flavonoid aglycones as markers of parentage in Mentha aquatica, M. citrata, M. spicata and M. x piperita	flavonoids are phenolic substances  			
e913	r0	e846	0.840899408	0.101279281	{'foodatlas_id': 'e913', type': 'organism:varietas', 'name': 'Guava', 'other_db_ids': {'NCBI_taxonomy': ['120290'], 'foodatlas_part_id': 'p0'}}	{'foodatlas_id': 'e846', 'type': 'chemical', 'name': 'zeaxanthin', 'other_db_ids': {'CAS': ['144-68-3'], 'MESH': ['D065146'], 'PubChem': ['5280899']}}	Yes	https://www.ncbi.nlm.nih.gov/pmc/articles/PMC7570536/		search guajava			
e961	r0	e5006	0.811576164	0.088115384	{'foodatlas_id': 'e961', type': 'organism:varietas', 'name': 'Quince', 'other_db_ids': {'NCBI_taxonomy': ['36610'], 'foodatlas_part_id': 'p0'}}	{'foodatlas_id': 'e5006', 'type': 'chemical', 'name': 'Leucine', 'other_db_ids': {'CAS': ['61-90-5'], 'MESH': ['D007930'], 'PubChem': ['6106']}}	Yes	Common sense		Leucine is in all live things			
e893	r0	e238	0.804438078	0.077213139	{'foodatlas_id': 'e893', type': 'organism:varietas', 'name': 'Dill', 'other_db_ids': {'NCBI_taxonomy': ['40922'], 'foodatlas_part_id': 'p0'}}	{'foodatlas_id': 'e238', 'type': 'chemical', 'name': 'caffeic acid', 'other_db_ids': {'CAS': ['4361-87-9'], 'MESH': ['C040048'], 'PubChem': ['1549111']}}	Yes	https://www.proquest.com/docview/2181111102?pq-origsite=gscholar&fromopenview=true	Current study aimed to obtain ethanolic extracts of Anethum graveolens (seeds and fresh leaves) and to investigate these plant parts for their antioxidant activity (AA), total phenolics content (TPC) and profile of individual polyphenols, including: caffeic				
e1285	r0	e1534	0.790963066	0.096114333	{'foodatlas_id': 'e1285', type': 'organism:varietas', 'name': 'Carob', 'other_db_ids': {'NCBI_taxonomy': ['20340'], 'foodatlas_part_id': 'p0'}}	{'foodatlas_id': 'e1534', 'type': 'chemical', 'name': 'Kaempferol', 'other_db_ids': {'CAS': ['520-18-3'], 'MESH': ['C006552'], 'PubChem': ['5280863']}}	Yes	https://iubmb.onlinelibrary.wiley.com/doi/epdf/10.1002/biof.5520280303	in Ceratonia, the kaempferol level was 14 vs. 476 mg/kg extract				
e927	r0	e158	0.765565169	0.148022001	{'foodatlas_id': 'e927', type': 'organism:varietas', 'name': 'Lettuce', 'other_db_ids': {'NCBI_taxonomy': ['4236'], 'foodatlas_part_id': 'p0'}}	{'foodatlas_id': 'e158', 'type': 'chemical', 'name': 'alpha-linolenic acid', 'other_db_ids': {'CAS': ['463-40-1'], 'MESH': ['D017962'], 'PubChem': ['5280934']}}	Yes	https://www.researchgate.net/profile/Nicole-Waterland-2/publication/309090528_Nutritional_Value_of_Crisphead_'Iceberg'_and_Romaine_Lettuces_Lactuca_sativa_L/links/58516e7808ae7d33e012a673/Nutritional-Value-of-Crisphead-Iceberg-and-Romaine-Lettuces-Lactuca-sativa-L.pdf	Although low in fat, α-linolenic acid, omega-3 polyunsaturated fatty acid, was found to be the major fatty acid in lettuce  				
e1290	r0	e328	0.762688994	0.042786708	{'foodatlas_id': 'e1290', type': 'organism:varietas', 'name': 'Lemon', 'other_db_ids': {'NCBI_taxonomy': ['2708'], 'foodatlas_part_id': 'p0'}}	{'foodatlas_id': 'e328', 'type': 'chemical', 'name': 'diterpene', 'other_db_ids': {'MESH': ['D004224']}}	Yes	https://www.mdpi.com/1420-3049/27/9/2715	diterpenes were only present in C. limon				
e1339	r0	e4856	0.752311313	0.117908354	{'foodatlas_id': 'e1339', type': 'organism:varietas', 'name': 'Lentils', 'other_db_ids': {'NCBI_taxonomy': ['3864'], 'foodatlas_part_id': 'p0'}}	{'foodatlas_id': 'e4856', 'type': 'chemical', 'name': 'Biotin', 'other_db_ids': {'CAS': ['58-85-5'], 'MESH': ['D001710'], 'PubChem': ['171548']}}	Yes	https://ods.od.nih.gov/factsheets/Biotin-HealthProfessional/		I faild to find a paper but found the articles. It state that it refer 'Dietary Guidelines for Americans'			
e960	r0	e1643	0.745710003	0.056115541	{'foodatlas_id': 'e960', type': 'organism:varietas', 'name': 'Purslane', 'other_db_ids': {'NCBI_taxonomy': ['46147'], 'foodatlas_part_id': 'p0'}}	{'foodatlas_id': 'e1643', 'type': 'chemical', 'name': 'flavonol glycosides', 'other_db_ids': {'MESH': ['D044948']}}	Yes	https://pubmed.ncbi.nlm.nih.gov/16516429/	Determination of flavonoids in Portulaca oleracea L. by capillary electrophoresis with electrochemical detection				
e4750	r0	e20502	0.74064002	0.132975858	{'foodatlas_id': 'e4750', type': 'organism:varietas', 'name': 'Greylag goose', 'other_db_ids': {'NCBI_taxonomy': ['8843'], 'foodatlas_part_id': 'p0'}}	{'foodatlas_id': 'e20502', 'type': 'chemical', 'name': 'Chromium', 'other_db_ids': {'PubChem': ['27668'], 'CAS': ['16065-83-1', '7440-47-3']}}	Yes						
e1305	r0	e138	0.722978282	0.076751634	{'foodatlas_id': 'e1305', type': 'organism:varietas', 'name': 'Jackfruit', 'other_db_ids': {'NCBI_taxonomy': ['3489'], 'foodatlas_part_id': 'p0'}}	{'foodatlas_id': 'e138', 'type': 'chemical', 'name': 'alcohols', 'other_db_ids': {'MESH': ['D000438']}}	Yes	Common sense		alcohol is very broad spectrum molecule. although narrow spectrum of alcohol indicate ethanol, Mesh page indicate 'Alkyl compounds containing a hydroxyl group'. It is broad term. 			
e1266	r0	e1612	0.7209903	0.054566064	{'foodatlas_id': 'e1266', type': 'organism:varietas', 'name': 'Soursop', 'other_db_ids': {'NCBI_taxonomy': ['13337'], 'foodatlas_part_id': 'p0'}}	{'foodatlas_id': 'e1612', 'type': 'chemical', 'name': 'polyphenolic', 'other_db_ids': {'MESH': ['C476595']}}	NER error			GI 5269 again			
e1409	r0	e1428	0.713694954	0.161753418	{'foodatlas_id': 'e1409', type': 'organism:varietas', 'name': 'Black raspberry', 'other_db_ids': {'NCBI_taxonomy': ['75079'], 'foodatlas_part_id': 'p0'}}	{'foodatlas_id': 'e1428', 'type': 'chemical', 'name': 'sterol glucosides', 'other_db_ids': {'MESH': ['D013261'], 'PubChem': ['1107']}}	Unknown	Common sense	Sterol', not 'Sterols' hard to search	Note: I cannot find it for confirm 'new record, indexing in progress'			
e1344	r0	e240	0.707570624	0.133512704	{'foodatlas_id': 'e1344', type': 'organism:varietas', 'name': 'Broad bean', 'other_db_ids': {'NCBI_taxonomy': ['3906'], 'foodatlas_part_id': 'p0'}}	{'foodatlas_id': 'e240', 'type': 'chemical', 'name': 'caffeic acid', 'other_db_ids': {'MESH': ['C040048'], 'PubChem': ['23694762']}}	Unknown						
e1311	r0	e333	0.677989209	0.124489793	{'foodatlas_id': 'e1311', type': 'organism:varietas', 'name': 'Common buckwheat', 'other_db_ids': {'NCBI_taxonomy': ['3617'], 'foodatlas_part_id': 'p0'}}	{'foodatlas_id': 'e333', 'type': 'chemical', 'name': 'ellagic acid', 'other_db_ids': {'CAS': ['476-66-4'], 'MESH': ['D004610'], 'PubChem': ['5281855']}}	Yes	https://www.sciencedirect.com/science/article/pii/S0308814611013604	The phenolic profiles of Polish honey samples from heather (Calluna vulgaris L.) and buckwheat (Fagopyrum esculentum L.) were determined.	it is grain. ellagic acid derived from its flower Honey...			
e1344	r0	e1501	0.677192271	0.086783098	{'foodatlas_id': 'e1344', type': 'organism:varietas', 'name': 'Broad bean', 'other_db_ids': {'NCBI_taxonomy': ['3906'], 'foodatlas_part_id': 'p0'}}	{'foodatlas_id': 'e1501', 'type': 'chemical', 'name': 'Coumarin', 'other_db_ids': {'CAS': ['91-64-5'], 'MESH': ['C030123'], 'PubChem': ['323']}}	Unknown	https://link.springer.com/article/10.1007/s00344-014-9459-4		at least, it seems that plant have receptor of coumarin			
e1409	r0	e1461	0.676259166	0.128013651	{'foodatlas_id': 'e1409', type': 'organism:varietas', 'name': 'Black raspberry', 'other_db_ids': {'NCBI_taxonomy': ['75079'], 'foodatlas_part_id': 'p0'}}	{'foodatlas_id': 'e1461', 'type': 'chemical', 'name': 'chlorophyll', 'other_db_ids': {'MESH': ['D002734'], 'PubChem': ['157010079']}}	Yes	Common sense		less riped fruits certainly contain it			
e1328	r0	e3116	0.67145505	0.075802042	{'foodatlas_id': 'e1328', type': 'organism:varietas', 'name': 'Almond', 'other_db_ids': {'NCBI_taxonomy': ['3755'], 'foodatlas_part_id': 'p0'}}	{'foodatlas_id': 'e3116', 'type': 'chemical', 'name': 'isoleucine', 'other_db_ids': {'CAS': ['1509-34-8', '3107-04-8', '443-79-8'], 'MESH': ['D007532'], 'PubChem': ['99288']}}	Yes	Common sense		Amino acids in all plant			
e4747	r0	e1491	0.666105425	0.136059899	{'foodatlas_id': 'e4747', type': 'organism:varietas', 'name': 'Climbing bean', 'other_db_ids': {'NCBI_taxonomy': ['87088'], 'foodatlas_part_id': 'p0'}}	{'foodatlas_id': 'e1491', 'type': 'chemical', 'name': 'Copper', 'other_db_ids': {'CAS': ['7440-50-8'], 'MESH': ['D003300'], 'PubChem': ['23978']}}	Yes	Common sense		copper is an essential trace element for plants			
e1368	r0	e5011	0.665643716	0.126928172	{'foodatlas_id': 'e1368', type': 'organism:varietas', 'name': 'Sacred lotus', 'other_db_ids': {'NCBI_taxonomy': ['4432'], 'foodatlas_part_id': 'p0'}}	{'foodatlas_id': 'e5011', 'type': 'chemical', 'name': 'L-arginine', 'other_db_ids': {'CAS': ['4455-52-1', '74-79-3'], 'MESH': ['D001120'], 'PubChem': ['6322']}}	Yes	Common sense		Amino acids in all plant			
e1302	r0	e1603	0.663046682	0.108389844	{'foodatlas_id': 'e1302', type': 'organism:varietas', 'name': 'Ginkgo nuts', 'other_db_ids': {'NCBI_taxonomy': ['3311'], 'foodatlas_part_id': 'p0'}}	{'foodatlas_id': 'e1603', 'type': 'chemical', 'name': 'alkanes', 'other_db_ids': {'CAS': ['308061-45-2', '68333-81-3'], 'MESH': ['D000473'], 'PubChem': ['94630']}}	Yes	https://www.sciencedirect.com/science/article/pii/S0308814607003482					
e1307	r0	e1628	0.658132553	0.068780696	{'foodatlas_id': 'e1307', type': 'organism:varietas', 'name': 'Welsh onion', 'other_db_ids': {'NCBI_taxonomy': ['35875'], 'foodatlas_part_id': 'p0'}}	{'foodatlas_id': 'e1628', 'type': 'chemical', 'name': 'oil', 'other_db_ids': {'MESH': ['D009821']}}	Yes	Common sense		oil			
e939	r0	e2295	0.639937854	0.101801011	{'foodatlas_id': 'e939', type': 'organism:varietas', 'name': 'Northern pike', 'other_db_ids': {'NCBI_taxonomy': ['8010'], 'foodatlas_part_id': 'p0'}}	{'foodatlas_id': 'e2295', 'type': 'chemical', 'name': 'PAH', 'other_db_ids': {'CAS': ['61-78-9'], 'MESH': ['D010130'], 'PubChem': ['2148']}}	Unknown	few search results		landplant-fish			
e1293	r0	e1426	0.610864866	0.065362625	{'foodatlas_id': 'e1293', type': 'organism:varietas', 'name': 'Star fruit', 'other_db_ids': {'NCBI_taxonomy': ['28974'], 'foodatlas_part_id': 'p0'}}	{'foodatlas_id': 'e1426', 'type': 'chemical', 'name': 'flavone glycosides', 'other_db_ids': {'CAS': ['525-82-6'], 'MESH': ['C043562'], 'PubChem': ['10680']}}	Yes	flavone from leaves	https://cir.nii.ac.jp/crid/1520572358334796032				
e12657	r0	e20514	0.596943271	0.233039428	{'foodatlas_id': 'e12657', type': 'organism:varietas', 'name': 'Phyllostachys bambusoides', 'other_db_ids': {'NCBI_taxonomy': ['35706'], 'foodatlas_part_id': 'p0'}}	{'foodatlas_id': 'e20514', 'type': 'chemical', 'name': 'Manganese', 'other_db_ids': {'PubChem': ['27854'], 'CAS': ['16397-91-4', '7439-96-5']}}	Yes	Common sense		In plants, Mn is one of the 17 essential elements for growth and reproduction.			
e1335	r0	e842	0.586147732	0.096659765	{'foodatlas_id': 'e1335', type': 'organism:varietas', 'name': 'Soy bean', 'other_db_ids': {'NCBI_taxonomy': ['3847'], 'foodatlas_part_id': 'p0'}}	{'foodatlas_id': 'e842', 'type': 'chemical', 'name': 'xanthophylls', 'other_db_ids': {'MESH': ['D024341']}}	Yes	https://www.semanticscholar.org/paper/Lutein-Contents-of-Soybeans-%28Glycine-max-L.%29-in-Choi-Lim/b7384cb8c3ae506545884dc3b01a37c189448bea	Lutein Contents of Soybeans (Glycine max L.) Cultivated in Korea	Lutein is an important xanthophyll type carotenoid organic natural pigment. 			
e15428	r0	e1434	0.574569756	0.16939736	{'foodatlas_id': 'e15428', 'type': 'organism:genus', zy 'Capsicum L', 'other_db_ids': {'NCBI_taxonomy': ['4071'], 'foodatlas_part_id': 'p0'}}	{'foodatlas_id': 'e1434', 'type': 'chemical', 'name': 'phosphorous', 'other_db_ids': {'CAS': ['12185-10-3', '62611-24-9', '7723-14-0; 12185-10-3'], 'MESH': ['D010758'], 'PubChem': ['123286']}}	No	https://pubchem.ncbi.nlm.nih.gov/compound/123286	White phosphorus is a colorless, white, or yellow waxy solid with a garlic-like odor. It does not occur naturally, but is manufactured from phosphate rocks.	not paper source but pubchem			
e1274	r0	e101	0.541581291	0.091350654	{'foodatlas_id': 'e1274', type': 'organism:varietas', 'name': 'Bilberry', 'other_db_ids': {'NCBI_taxonomy': ['180763'], 'foodatlas_part_id': 'p0'}}	{'foodatlas_id': 'e101', 'type': 'chemical', 'name': 'Oleic acid', 'other_db_ids': {'CAS': ['1173097-41-0', '1173097-64-7', '1255644-48-4', '2027-47-6'], 'MESH': ['D019301'], 'PubChem': ['965']}}	Unknown			landplant-landplant			
e1320	r0	e1492	0.537852281	0.080225615	{'foodatlas_id': 'e1320', type': 'organism:varietas', 'name': 'Swede', 'other_db_ids': {'NCBI_taxonomy': ['3708'], 'foodatlas_part_id': 'p0'}}	{'foodatlas_id': 'e1492', 'type': 'chemical', 'name': 'Benzoic acid', 'other_db_ids': {'CAS': ['65-85-0'], 'MESH': ['D019817'], 'PubChem': ['243']}}	Unknown						
e1318	r0	e3724	0.529377705	0.119061317	{'foodatlas_id': 'e1318', type': 'organism:varietas', 'name': 'Bitter gourd', 'other_db_ids': {'NCBI_taxonomy': ['3673'], 'foodatlas_part_id': 'p0'}}	{'foodatlas_id': 'e3724', 'type': 'chemical', 'name': 'vegetable oils', 'other_db_ids': {'MESH': ['D010938']}}	Yes	Common sense, Too broad spectrum					
e956	r0	e143	0.519335544	0.043327785	{'foodatlas_id': 'e956', type': 'organism:varietas', 'name': 'Pitanga', 'other_db_ids': {'NCBI_taxonomy': ['119951'], 'foodatlas_part_id': 'p0'}}	{'foodatlas_id': 'e143', 'type': 'chemical', 'name': 'alpha-carotene', 'other_db_ids': {'CAS': ['432-70-2', '7488-99-5'], 'MESH': ['C041635'], 'PubChem': ['4369188']}}	Unknown	12 search results					
e1384	r0	e493	0.516333294	0.211860094	{'foodatlas_id': 'e1384', type': 'organism:varietas', 'name': 'Robusta coffee', 'other_db_ids': {'NCBI_taxonomy': ['49390'], 'foodatlas_part_id': 'p0'}}	{'foodatlas_id': 'e493', 'type': 'chemical', 'name': 'hemicellulose', 'other_db_ids': {'MESH': ['C007916']}}	Yes	https://wjarr.com/content/effect-adding-naoh-and-fermentation-time-robusta-coffee-husk-coffea-canephora-bioethanol	In addition, NaOH could extract cellulose and hemicellulose in coffee husks				
e4574	r0	e1627	0.511613017	0.150617612	{'foodatlas_id': 'e4574', type': 'organism:varietas', 'name': 'Redcurrant', 'other_db_ids': {'NCBI_taxonomy': ['175228'], 'foodatlas_part_id': 'p0'}}	{'foodatlas_id': 'e1627', 'type': 'chemical', 'name': 'lipid', 'other_db_ids': {'MESH': ['D008055']}}	Yes	Common sense, Too broad spectrum					
e894	r0	e342	0.502529174	0.108355258	{'foodatlas_id': 'e894', type': 'organism:varietas', 'name': 'Durian', 'other_db_ids': {'NCBI_taxonomy': ['66656'], 'foodatlas_part_id': 'p0'}}	{'foodatlas_id': 'e342', 'type': 'chemical', 'name': 'epigallocatechin', 'other_db_ids': {'CAS': ['970-74-1'], 'MESH': ['C057580'], 'PubChem': ['72277']}}	Unknown	https://www.mdpi.com/1420-3049/18/11/14172		this source indicate that seed has epicatechin but epicatechin is similar but different with epigallocatechin			
e3784	r0	e10304	0.464307594	0.197347942	{'foodatlas_id': 'e3784', type': 'organism:varietas', 'name': 'Sheepshead', 'other_db_ids': {'NCBI_taxonomy': ['119682'], 'foodatlas_part_id': 'p0'}}	{'foodatlas_id': 'e10304', 'type': 'chemical', 'name': 'ivermectin', 'other_db_ids': {'CAS': ['70288-86-7'], 'MESH': ['D007559'], 'PubChem': ['124870718']}}	Unknown	2 search results					
e1288	r0	e245	0.459341806	0.067329623	{'foodatlas_id': 'e1288', type': 'organism:varietas', 'name': 'Pear', 'other_db_ids': {'NCBI_taxonomy': ['23211'], 'foodatlas_part_id': 'p0'}}	{'foodatlas_id': 'e245', 'type': 'chemical', 'name': 'campesterol', 'other_db_ids': {'CAS': ['290299-12-6', '4651-51-8', '474-62-4'], 'MESH': ['C021273'], 'PubChem': ['173183']}}	Yes	https://aocs.onlinelibrary.wiley.com/doi/full/10.1007/s11746-015-2768-3	Seven sterols (campesterol, β-sitosterol, ∆5-avenasterol, cholesterol, gramisterol, ∆-stigmasterol and citrostadienol) were identified in pear seed oils	In seed			
e15909	r0	e3377	0.454545248	0.22494179	{'foodatlas_id': 'e15909', type': 'organism:varietas', 'name': 'C. pagurus', 'other_db_ids': {'NCBI_taxonomy': ['6755'], 'foodatlas_part_id': 'p0'}}	{'foodatlas_id': 'e3377', 'type': 'chemical', 'name': 'phenylalanine', 'other_db_ids': {'CAS': ['63-91-2'], 'MESH': ['D010649'], 'PubChem': ['6140']}}	Yes	Common sense		amino acids   			
e900	r0	e20501	0.44460125	0.082564568	{'foodatlas_id': 'e900', 'type': 'organism', zy 'Fennel', 'other_db_ids': {'NCBI_taxonomy': ['48038'], 'foodatlas_part_id': 'p0'}}	{'foodatlas_id': 'e20501', 'type': 'chemical', 'name': 'Calcium', 'other_db_ids': {'PubChem': ['271'], 'CAS': ['14127-61-8', '7440-70-2']}}	Yes	Compositional profiling of fennel seed					
e857	r0	e1467	0.441023898	0.094479752	{'foodatlas_id': 'e857', type': 'organism:varietas', 'name': 'Atlantic salmon', 'other_db_ids': {'NCBI_taxonomy': ['8030'], 'foodatlas_part_id': 'p0'}}	{'foodatlas_id': 'e1467', 'type': 'chemical', 'name': 'ester', 'other_db_ids': {'CAS': ['4351-55-7'], 'MESH': ['D004952'], 'PubChem': ['165217']}}	Yes	https://www.sciencedirect.com/science/article/abs/pii/S0044848604004296	Atlantic salmon, Salmo salar, utilizes wax ester-rich oil from Calanus finmarchicus effectively				
e12653	r0	e5897	0.430224219	0.132096736	{'foodatlas_id': 'e12653', type': 'organism:varietas', 'name': 'Macrozoarces americanus', 'other_db_ids': {'NCBI_taxonomy': ['8199'], 'foodatlas_part_id': 'p0'}}	{'foodatlas_id': 'e5897', 'type': 'chemical', 'name': '3-hydroxyquinidine', 'other_db_ids': {'CAS': ['78549-61-8'], 'MESH': ['C013569'], 'PubChem': ['157225']}}	Unknown	1 search result		fish-landplant			
e1902	r0	e1444	0.421353918	0.10933057	{'foodatlas_id': 'e1902', type': 'organism:varietas', 'name': 'Horse', 'other_db_ids': {'NCBI_taxonomy': ['9796'], 'foodatlas_part_id': 'p0'}}	{'foodatlas_id': 'e1444', 'type': 'chemical', 'name': 'citric acid', 'other_db_ids': {'CAS': ['55049-48-4'], 'MESH': ['D019343'], 'PubChem': ['133082519']}}	NER error	Uralyt U is a medication used to treat and prevent kidney stones. so it is not natural compound in horse. but its components, potassium citrate and sodium citrate are natural compound of horse. the problem is percentage of potassium citrate and sodium citrate to be Uralyt U					
e1321	r0	e1547	0.414880475	0.131971861	{'foodatlas_id': 'e1321', type': 'organism:varietas', 'name': 'Chinese cabbage', 'other_db_ids': {'NCBI_taxonomy': ['3711'], 'foodatlas_part_id': 'p0'}}	{'foodatlas_id': 'e1547', 'type': 'chemical', 'name': '9,12-octadecadienoic acid', 'other_db_ids': {'CAS': ['1509-85-9'], 'MESH': ['D019787'], 'PubChem': ['5460332']}}	Unknown	Linoleate is common in plants, although it is not essential. I found the sources saying linoleates in Brassica napus so...	https://onlinelibrary.wiley.com/doi/epdf/10.1046/j.1365-313X.1997.11030549.x				
e1308	r0	e1565	0.412374479	0.083957525	{'foodatlas_id': 'e1308', type': 'organism:varietas', 'name': 'Japanese persimmon', 'other_db_ids': {'NCBI_taxonomy': ['35925'], 'foodatlas_part_id': 'p0'}}	{'foodatlas_id': 'e1565', 'type': 'chemical', 'name': 'stilbene', 'other_db_ids': {'CAS': ['103-30-0', '588-59-0'], 'MESH': ['D013267'], 'PubChem': ['638088']}}	Unknown			landplant-landplant			
e1766	r0	e1647	0.401669541	0.117634338	{'foodatlas_id': 'e1766', type': 'organism:varietas', 'name': 'Corn salad', 'other_db_ids': {'NCBI_taxonomy': ['59166'], 'foodatlas_part_id': 'p0'}}	{'foodatlas_id': 'e1647', 'type': 'chemical', 'name': 'ellagitannins', 'other_db_ids': {'MESH': ['D047348']}}	Unknown						
e1411	r0	e2929	0.383594751	0.092720486	{'foodatlas_id': 'e1411', type': 'organism:varietas', 'name': 'Common carp', 'other_db_ids': {'NCBI_taxonomy': ['7962'], 'foodatlas_part_id': 'p0'}}	{'foodatlas_id': 'e2929', 'type': 'chemical', 'name': 'furan', 'other_db_ids': {'CAS': ['110-00-9'], 'MESH': ['C039281'], 'PubChem': ['8029']}}	Unknown	https://www.sciencedirect.com/science/article/pii/S0308814616300292	Identification of 'furan fatty acids' in the lipids of common carp (Cyprinus carpio L.)				
e4758	r0	e1490	0.383114529	0.132054022	{'foodatlas_id': 'e4758', 'type': 'organism:subspecies', zy 'Domestic pig', 'other_db_ids': {'NCBI_taxonomy': ['9825'], 'foodatlas_part_id': 'p0'}}	{'foodatlas_id': 'e1490', 'type': 'chemical', 'name': 'Cd', 'other_db_ids': {'CAS': ['72172-64-6', '7440-43-9', '7440-43-9 (elemental)', '81271-94-5'], 'MESH': ['D002104'], 'PubChem': ['23973']}}	Yes						
e1006	r0	e4897	0.356238234	0.133459138	{'foodatlas_id': 'e1006', type': 'organism:varietas', 'name': 'Winter savory', 'other_db_ids': {'NCBI_taxonomy': ['49988'], 'foodatlas_part_id': 'p0'}}	{'foodatlas_id': 'e4897', 'type': 'chemical', 'name': 'alpha-thujone', 'other_db_ids': {'CAS': ['546-80-5', '59573-80-7'], 'MESH': ['C005790'], 'PubChem': ['261491']}}	Yes	https://www.tandfonline.com/doi/pdf/10.1080/10412905.1996.9700546					
e949	r0	e16190	0.340232527	0.119176799	{'foodatlas_id': 'e949', type': 'organism:varietas', 'name': 'Passion fruit', 'other_db_ids': {'NCBI_taxonomy': ['78168'], 'foodatlas_part_id': 'p0'}}	{'foodatlas_id': 'e16190', 'type': 'chemical', 'name': 'Purine', 'other_db_ids': {'CAS': ['120-73-0'], 'MESH': ['C030985'], 'PubChem': ['1044']}}	Unknown	Purine is nucleotide (A,G). But I cannot find a source indicating that purine exsit as sole purine					
e1317	r0	e3378	0.320182419	0.106286454	{'foodatlas_id': 'e1317', type': 'organism:varietas', 'name': 'Apricot', 'other_db_ids': {'NCBI_taxonomy': ['36596'], 'foodatlas_part_id': 'p0'}}	{'foodatlas_id': 'e3378', 'type': 'chemical', 'name': 'phloroglucinol', 'other_db_ids': {'CAS': ['108-73-6'], 'MESH': ['D010696'], 'PubChem': ['359']}}	Yes	https://www.sciencedirect.com/science/article/pii/S0304423806002470?casa_token=STZ-hRjUGnsAAAAA:ZAgw-H8N-AHaU0-CJksW770M8bWsBOHIG5pbkfQTidbi1m5r_R_Qx7py3cpYhz3LEyOVprPhB0g	There were no significant differences in phloroglucinol.	Bud and leaves		new record, indexing in progress	
e1391	r0	e774	0.308523369	0.102465546	{'foodatlas_id': 'e1391', 'type': 'organism:subspecies', zy 'Turnip', 'other_db_ids': {'NCBI_taxonomy': ['51350'], 'foodatlas_part_id': 'p0'}}	{'foodatlas_id': 'e774', 'type': 'chemical', 'name': 'stigmasterol', 'other_db_ids': {'CAS': ['481-16-3', '83-48-7'], 'MESH': ['D013265'], 'PubChem': ['5281330']}}	Yes	https://aocs.onlinelibrary.wiley.com/doi/epdf/10.1007/BF02532563	Identification and Composition of Turnip Root Lipids: 'Stigmasterol was present in trace amounts only.'	landplant-landplant	trace	new record, indexing in progress	
e4753	r0	e11603	0.30796365	0.176983635	{'foodatlas_id': 'e4753', type': 'organism:varietas', 'name': 'Butternut', 'other_db_ids': {'NCBI_taxonomy': ['91214'], 'foodatlas_part_id': 'p0'}}	{'foodatlas_id': 'e11603', 'type': 'chemical', 'name': 'prostaglandin E1', 'other_db_ids': {'CAS': ['745-65-3'], 'MESH': ['D000527'], 'PubChem': ['5280723']}}	Unknown			landplant-vertebrate			
e989	r0	e2382	0.306923285	0.051386979	{'foodatlas_id': 'e989', type': 'organism:varietas', 'name': 'Sunflower', 'other_db_ids': {'NCBI_taxonomy': ['4232'], 'foodatlas_part_id': 'p0'}}	{'foodatlas_id': 'e2382', 'type': 'chemical', 'name': 'acetate', 'other_db_ids': {'CAS': ['71-50-1'], 'MESH': ['D000085'], 'PubChem': ['175']}}	Unknown			landplant-landplant			
e4753	r0	e5351	0.302856404	0.09466074	{'foodatlas_id': 'e4753', type': 'organism:varietas', 'name': 'Butternut', 'other_db_ids': {'NCBI_taxonomy': ['91214'], 'foodatlas_part_id': 'p0'}}	{'foodatlas_id': 'e5351', 'type': 'chemical', 'name': '(B) trans-Zeatin-O-Glucoside', 'other_db_ids': {'MESH': ['C095437']}}	Unknown	zero search result		landplant-landplant			
e12655	r0	e5505	0.301923317	0.161560013	{'foodatlas_id': 'e12655', 'type': 'organism:genus', zy 'Nelumbo Adans', 'other_db_ids': {'NCBI_taxonomy': ['4430'], 'foodatlas_part_id': 'p0'}}	{'foodatlas_id': 'e5505', 'type': 'chemical', 'name': '1-oleoyl-2-acetylglycerol', 'other_db_ids': {'CAS': ['86390-77-4'], 'MESH': ['C038237'], 'PubChem': ['6437055']}}	Unknown			1-Oleoyl-2-acetyl-sn-glycerol is synthetic			
e15977	r0	e383	0.295590523	0.045049701	{'foodatlas_id': 'e15977', type': 'organism:varietas', 'name': 'C. lumpus', 'other_db_ids': {'NCBI_taxonomy': ['8103'], 'foodatlas_part_id': 'p0'}}	{'foodatlas_id': 'e383', 'type': 'chemical', 'name': 'fructose', 'other_db_ids': {'CAS': ['30237-26-4', '57-48-7', '6347-01-9'], 'MESH': ['D005632'], 'PubChem': ['5984']}}	Unknown		fructose is rich in plants 	fish-landplant			
e981	r0	e18106	0.278929347	0.111500361	{'foodatlas_id': 'e981', type': 'organism:varietas', 'name': 'Sour cherry', 'other_db_ids': {'NCBI_taxonomy': ['140311'], 'foodatlas_part_id': 'p0'}}	{'foodatlas_id': 'e18106', 'type': 'chemical', 'name': "3,4',5-trihydroxystilbene-3-beta-D-glucoside", 'other_db_ids': {'CAS': ['27208-80-6', '65914-17-2'], 'MESH': ['C058229'], 'PubChem': ['5281718']}}	Yes	https://ifst.onlinelibrary.wiley.com/doi/full/10.1111/jfpp.15451					
e1382	r0	e5175	0.271009335	0.038736981	{'foodatlas_id': 'e1382', type': 'organism:varietas', 'name': 'Asparagus', 'other_db_ids': {'NCBI_taxonomy': ['4686'], 'foodatlas_part_id': 'p0'}}	{'foodatlas_id': 'e5175', 'type': 'chemical', 'name': 'pentacyclic triterpene acid', 'other_db_ids': {'MESH': ['D053978']}}	Unknown			landplant-landplant			
e12653	r0	e12412	0.263183153	0.099723465	{'foodatlas_id': 'e12653', type': 'organism:varietas', 'name': 'Macrozoarces americanus', 'other_db_ids': {'NCBI_taxonomy': ['8199'], 'foodatlas_part_id': 'p0'}}	{'foodatlas_id': 'e12412', 'type': 'chemical', 'name': 'tramadol', 'other_db_ids': {'CAS': ['123154-38-1', '27203-92-5', '2914-77-4'], 'MESH': ['D014147'], 'PubChem': ['33741']}}	Unknown		Tramadol is a synthetic	fish-synthetic			
e930	r0	e214	0.253311792	0.054166984	{'foodatlas_id': 'e930', type': 'organism:varietas', 'name': 'Lovage', 'other_db_ids': {'NCBI_taxonomy': ['48042'], 'foodatlas_part_id': 'p0'}}	{'foodatlas_id': 'e214', 'type': 'chemical', 'name': 'beta-pinene', 'other_db_ids': {'CAS': ['127-91-3', '25719-60-2'], 'MESH': ['C010789'], 'PubChem': ['14896']}}	Yes	https://www.sciencedirect.com/science/article/pii/S0168945204005126	The main components of the oil from the lovage plant roots were (Z)-ligustilide, β-pinene	loot of lovage			
e4753	r0	e6330	0.24284322	0.092506296	{'foodatlas_id': 'e4753', type': 'organism:varietas', 'name': 'Butternut', 'other_db_ids': {'NCBI_taxonomy': ['91214'], 'foodatlas_part_id': 'p0'}}	{'foodatlas_id': 'e6330', 'type': 'chemical', 'name': 'Alectrol', 'other_db_ids': {'MESH': ['C472679'], 'PubChem': ['6266842']}}	Unknown	3 result		landplant-landplant			
e907	r0	e4858	0.237910298	0.065705231	{'foodatlas_id': 'e907', type': 'organism:varietas', 'name': 'Garden tomato', 'other_db_ids': {'NCBI_taxonomy': ['4081'], 'foodatlas_part_id': 'p0'}}	{'foodatlas_id': 'e4858', 'type': 'chemical', 'name': 'phthalates', 'other_db_ids': {'CAS': ['3198-29-6'], 'MESH': ['C032279'], 'PubChem': ['181977']}}	Yes	https://www.mdpi.com/2072-6651/13/7/495	Di-n-butyl phthalate and diisobutyl phthalate are the most frequently identified PAEs in root exudates of plants such as Solanum lycopersicum				
e12653	r0	e7919	0.236391932	0.04013285	{'foodatlas_id': 'e12653', type': 'organism:varietas', 'name': 'Macrozoarces americanus', 'other_db_ids': {'NCBI_taxonomy': ['8199'], 'foodatlas_part_id': 'p0'}}	{'foodatlas_id': 'e7919', 'type': 'chemical', 'name': 'Zeathionin', 'other_db_ids': {'MESH': ['C116632']}}	Unknown	0 result		fish-landplant			
e1355	r0	e3251	0.235169685	0.039742305	{'foodatlas_id': 'e1355', type': 'organism:varietas', 'name': 'Wild celery', 'other_db_ids': {'NCBI_taxonomy': ['4045'], 'foodatlas_part_id': 'p0'}}	{'foodatlas_id': 'e3251', 'type': 'chemical', 'name': 'molybdenum', 'other_db_ids': {'CAS': ['16065-87-5', '22541-84-0', '7439-98-7'], 'MESH': ['D008982'], 'PubChem': ['23932']}}	Yes	Common sense		molybdenum is essential trace for plant growth			
e1372	r0	e9749	0.203962055	0.020944744	{'foodatlas_id': 'e1372', type': 'organism:varietas', 'name': 'Rice', 'other_db_ids': {'NCBI_taxonomy': ['4530'], 'foodatlas_part_id': 'p0'}}	{'foodatlas_id': 'e9749', 'type': 'chemical', 'name': 'fumitremorgin C', 'other_db_ids': {'CAS': ['118974-02-0'], 'MESH': ['C010522'], 'PubChem': ['403923']}}	Unknown			landplant-fungi toxin			
e1289	r0	e19630	0.155894075	0.040441754	{'foodatlas_id': 'e1289', type': 'organism:varietas', 'name': 'Java plum', 'other_db_ids': {'NCBI_taxonomy': ['260142'], 'foodatlas_part_id': 'p0'}}	{'foodatlas_id': 'e19630', 'type': 'chemical', 'name': "3-O-1'''-beta-d-glucopyranoside", 'other_db_ids': {'MESH': ['C117506']}}	NER error			I cannot find information of 6''-O-glucopyranoside 			
e886	r0	e11480	0.146421685	0.059295332	{'foodatlas_id': 'e886', type': 'organism:varietas', 'name': 'Common grape', 'other_db_ids': {'NCBI_taxonomy': ['29760'], 'foodatlas_part_id': 'p0'}}	{'foodatlas_id': 'e11480', 'type': 'chemical', 'name': 'podophyllotoxin', 'other_db_ids': {'CAS': ['4375-07-9'], 'MESH': ['D011034'], 'PubChem': ['105111']}}	Unknown			landplant-landplant			
e3739	r0	e9625	0.135366761	0.057097548	{'foodatlas_id': 'e3739', type': 'organism:varietas', 'name': 'Alaska blackfish', 'other_db_ids': {'NCBI_taxonomy': ['75939'], 'foodatlas_part_id': 'p0'}}	{'foodatlas_id': 'e9625', 'type': 'chemical', 'name': 'fenitrothion', 'other_db_ids': {'CAS': ['122-14-5'], 'MESH': ['D005278'], 'PubChem': ['31200']}}	Unknown	2 results		fish-synthetic insectcide			
e3762	r0	e2691	0.11741723	0.043000067	{'foodatlas_id': 'e3762', 'type': 'organism:varietas', zy 'Daikon radish', 'other_db_ids': {'NCBI_taxonomy': ['41679'], 'foodatlas_part_id': 'p0'}}	{'foodatlas_id': 'e2691', 'type': 'chemical', 'name': 'clothianidin', 'other_db_ids': {'CAS': ['210880-92-5'], 'MESH': ['C480342'], 'PubChem': ['146158032']}}	Yes			landplant(agriculture)-synthetic insectcide			
e1376	r0	e20410	0.115277483	0.051071007	{'foodatlas_id': 'e1376', type': 'organism:varietas', 'name': 'Corn', 'other_db_ids': {'NCBI_taxonomy': ['4577'], 'foodatlas_part_id': 'p0'}}	{'foodatlas_id': 'e20410', 'type': 'chemical', 'name': '3-iodo-l-tyrosine', 'other_db_ids': {'CAS': ['3078-39-5', '70-78-0'], 'MESH': ['C523964'], 'PubChem': ['439744']}}	Unknown			landplant-iodo-tyrosine			
e3762	r0	e10	0.113611984	0.054467358	{'foodatlas_id': 'e3762', 'type': 'organism:varietas', zy 'Daikon radish', 'other_db_ids': {'NCBI_taxonomy': ['41679'], 'foodatlas_part_id': 'p0'}}	{'foodatlas_id': 'e10', 'type': 'chemical', 'name': '2-Propene-1-sulfinothioic acid S-2-propenyl ester', 'other_db_ids': {'MESH': ['C119267']}}	Unknown	0 result		landplant-landplant			
e15428	r0	e1633	0.112056766	0.050340561	{'foodatlas_id': 'e15428', 'type': 'organism:genus', zy 'Capsicum L', 'other_db_ids': {'NCBI_taxonomy': ['4071'], 'foodatlas_part_id': 'p0'}}	{'foodatlas_id': 'e1633', 'type': 'chemical', 'name': 'Polysaccharide', 'other_db_ids': {'MESH': ['D011134']}}	Yes	Common sense		Cellulose in all plant is polysaccharide			
e876	r0	e8208	0.110367998	0.052801306	{'foodatlas_id': 'e876', type': 'organism:varietas', 'name': 'Chinese bayberry', 'other_db_ids': {'NCBI_taxonomy': ['262757'], 'foodatlas_part_id': 'p0'}}	{'foodatlas_id': 'e8208', 'type': 'chemical', 'name': 'anion', 'other_db_ids': {'MESH': ['D000838']}}	Yes	Common sense		Anion is too broad term. Even Cl- is anion			
e975	r0	e9737	0.108234219	0.058713676	{'foodatlas_id': 'e975', type': 'organism:varietas', 'name': 'Sesame', 'other_db_ids': {'NCBI_taxonomy': ['4182'], 'foodatlas_part_id': 'p0'}}	{'foodatlas_id': 'e9737', 'type': 'chemical', 'name': 'fucoxanthinol', 'other_db_ids': {'CAS': ['7176-02-5'], 'MESH': ['C483031'], 'PubChem': ['11273547']}}	Unknown	2 results		Landplant-alge/invertebrate			
e4563	r0	e1435	0.103671411	0.060376024	{'foodatlas_id': 'e4563', type': 'organism:varietas', 'name': 'Arrowhead', 'other_db_ids': {'NCBI_taxonomy': ['15008'], 'foodatlas_part_id': 'p0'}}	{'foodatlas_id': 'e1435', 'type': 'chemical', 'name': 'phytosterol', 'other_db_ids': {'MESH': ['D010840'], 'PubChem': ['124823816']}}	Unknown			landplant-landplant			
e1379	r0	e741	0.065907882	0.00733917	{'foodatlas_id': 'e1379', type': 'organism:varietas', 'name': 'Banana', 'other_db_ids': {'NCBI_taxonomy': ['4641'], 'foodatlas_part_id': 'p0'}}	{'foodatlas_id': 'e741', 'type': 'chemical', 'name': 'sitoindoside II', 'other_db_ids': {'CAS': ['53657-29-7'], 'MESH': ['C093657'], 'PubChem': ['6438482']}}	Unknown		Musa acuminata is dwarf banana. Musa paradisiaca is also banana. sitoindoside II is in paradisiaca				
e1324	r0	e12175	0.060144298	0.004347853	{'foodatlas_id': 'e1324', type': 'organism:varietas', 'name': 'Horseradish tree', 'other_db_ids': {'NCBI_taxonomy': ['3735'], 'foodatlas_part_id': 'p0'}}	{'foodatlas_id': 'e12175', 'type': 'chemical', 'name': 'strychnine', 'other_db_ids': {'CAS': ['66-32-0'], 'MESH': ['D013331'], 'PubChem': ['23616203']}}	Unknown			convulsant-anticonvulsant relationship			
e1274	r0	e10224	0.058383897	0.008806906	{'foodatlas_id': 'e1274', type': 'organism:varietas', 'name': 'Bilberry', 'other_db_ids': {'NCBI_taxonomy': ['180763'], 'foodatlas_part_id': 'p0'}}	{'foodatlas_id': 'e10224', 'type': 'chemical', 'name': 'iprovalicarb', 'other_db_ids': {'CAS': ['140923-25-7'], 'MESH': ['C488831'], 'PubChem': ['178565']}}	Unknown	1 result		plant-syntheticfungicide			
e15917	r0	e11616	0.057202689	0.006876464	{'foodatlas_id': 'e15917', type': 'organism:varietas', 'name': 'Japanese rose', 'other_db_ids': {'NCBI_taxonomy': ['74645'], 'foodatlas_part_id': 'p0'}}	{'foodatlas_id': 'e11616', 'type': 'chemical', 'name': 'pseudoisocyanine', 'other_db_ids': {'CAS': ['20766-49-8'], 'MESH': ['C100254'], 'PubChem': ['5484463']}}	Unknown	0 result		plant-synthetic 			
e856	r0	e19235	0.055553041	0.006347265	{'foodatlas_id': 'e856', type': 'organism:varietas', 'name': 'Atlantic mackerel', 'other_db_ids': {'NCBI_taxonomy': ['13677'], 'foodatlas_part_id': 'p0'}}	{'foodatlas_id': 'e19235', 'type': 'chemical', 'name': 'diolein', 'other_db_ids': {'CAS': ['24529-88-2'], 'MESH': ['C013965'], 'PubChem': ['9543716']}}	Unknown	7 result		fish-fishoil			
e871	r0	e12245	0.052969021	0.004880823	{'foodatlas_id': 'e871', type': 'organism:varietas', 'name': 'Cardamom', 'other_db_ids': {'NCBI_taxonomy': ['105181'], 'foodatlas_part_id': 'p0'}}	{'foodatlas_id': 'e12245', 'type': 'chemical', 'name': 'tacrolimus', 'other_db_ids': {'CAS': ['104987-11-3'], 'MESH': ['D016559'], 'PubChem': ['6473866']}}	Unknown	0 result		landplant-fungi toxin			
e947	r0	e9189	0.051929852	0.004771397	{'foodatlas_id': 'e947', type': 'organism:varietas', 'name': 'Parsley', 'other_db_ids': {'NCBI_taxonomy': ['4043'], 'foodatlas_part_id': 'p0'}}	{'foodatlas_id': 'e9189', 'type': 'chemical', 'name': 'dehydrosoyasaponin I', 'other_db_ids': {'CAS': ['117210-14-7'], 'MESH': ['C071764'], 'PubChem': ['164030']}}	Unknown			landplant-landplant			
e961	r0	e11547	0.051450051	0.026560501	{'foodatlas_id': 'e961', type': 'organism:varietas', 'name': 'Quince', 'other_db_ids': {'NCBI_taxonomy': ['36610'], 'foodatlas_part_id': 'p0'}}	{'foodatlas_id': 'e11547', 'type': 'chemical', 'name': 'pralidoxime', 'other_db_ids': {'CAS': ['14018-50-9', '51-15-0', '6735-59-7'], 'MESH': ['C028797'], 'PubChem': ['135445761']}}	Yes	1 result		landplant-synthetic pesticide			
e4609	r0	e11011	0.042609349	0.023146867	{'foodatlas_id': 'e4609', type': 'organism:varietas', 'name': 'Dolphin fish', 'other_db_ids': {'NCBI_taxonomy': ['34814'], 'foodatlas_part_id': 'p0'}}	{'foodatlas_id': 'e11011', 'type': 'chemical', 'name': 'nigerose', 'other_db_ids': {'CAS': ['497-48-3'], 'MESH': ['C014637'], 'PubChem': ['439512']}}	Unknown	0 result		fish-fungi			
e15965	r0	e19204	0.03831928	0.019666988	{'foodatlas_id': 'e15965', type': 'organism:varietas', 'name': 'Arctic Char', 'other_db_ids': {'NCBI_taxonomy': ['8036'], 'foodatlas_part_id': 'p0'}}	{'foodatlas_id': 'e19204', 'type': 'chemical', 'name': 'Curcumenol', 'other_db_ids': {'CAS': ['19431-84-6'], 'MESH': ['C552245'], 'PubChem': ['92281781']}}	Unknown	1 result		fish-landplant			
