head	tail	head_ncbi_taxid	tail_pubchem	tail_inchikey	quality
grape tomato (whole, raw)	Zeaxanthin	4081	5280899	JKQXZKUSFCKOGQ-QAYBQHTQSA-N	low
grape tomato (whole, raw)	beta Tocopherol	4081	6857447	WGVKWNUPNGFDFJ-DQCZWYHMSA-N	low
grape tomato (whole, raw)	Lutein	4081	5281243	KBPHJBAIARWVSC-RGZFRNHPSA-N	low
grape tomato (whole, raw)	alpha-tocopherol	4081	14985	GVJHHUAWPYXKBD-IEOSBIPESA-N	low
grape tomato (whole, raw)	trans-beta-Carotene	4081	5280489	OENHQHLEOONYIE-JLTXGRSLSA-N	low
grape tomato (whole, raw)	cis-Lycopene	4081	446925	OAIJSZIZWZSQBC-GYZMGTAESA-N	low
grape tomato (whole, raw)	Niacin	4081	938	PVNIIMVLHYAWGP-UHFFFAOYSA-N	low
grape tomato (whole, raw)	Magnesium	4081		FYYHWMGAXLPEAU-UHFFFAOYSA-N	low
grape tomato (whole, raw)	Water	4081	962	XLYOFNOQVPJJNP-UHFFFAOYSA-N	low
grape tomato (whole, raw)	Iron	4081		XEEYBQQBJWHFJM-UHFFFAOYSA-N	low
grape tomato (whole, raw)	Manganese	4081		PWHULOQIROXLJO-UHFFFAOYSA-N	low
grape tomato (whole, raw)	Potassium	4081		ZLMJMSJWJFRBEC-UHFFFAOYSA-N	low
grape tomato (whole, raw)	Lycopene	4081	446925	OAIJSZIZWZSQBC-GYZMGTAESA-N	low
grape tomato (whole, raw)	cis-beta-Carotene	4081		OENHQHLEOONYIE-XADKVURNSA-N	low
grape tomato (whole, raw)	Calcium	4081		OYPRJOBELJOOCE-UHFFFAOYSA-N	low
grape tomato (whole, raw)	Copper	4081		RYGMFSIKBFXOCR-UHFFFAOYSA-N	low
grape tomato (whole, raw)	gamma Tocopherol	4081	92729	QUEDXNHFTDJVIY-DQCZWYHMSA-N	low
grape tomato (whole, raw)	phylloquinone	4081	5284607	MBWXNTAXLNYFJB-NKFFZRIASA-N	low
grape tomato (whole, raw)	Sodium	4081		KEAYESYHFKHZAL-UHFFFAOYSA-N	low
grape tomato (whole, raw)	Nitrogen	4081	947	IJGRMHOSHXDMSA-UHFFFAOYSA-N	low
grape tomato (whole, raw)	Zeaxanthin	4081	5280899	JKQXZKUSFCKOGQ-QAYBQHTQSA-N	low
grape tomato (whole, raw)	delta Tocopherol	4081	92094	GZIFEOYASATJEH-VHFRWLAGSA-N	low
grape tomato (whole, raw)	Thiamin	4081	1130	JZRWCGZRTZMZEH-UHFFFAOYSA-N	low
grape tomato (whole, raw)	Vitamin B-6	4081		ZUFQODAHGAHPFQ-UHFFFAOYSA-N	low
grape tomato (whole, raw)	Riboflavin	4081	493570	AUNGANRZJHBGPY-SCRDCRAPSA-N	low
kale leaf (whole, raw)	phylloquinone	3712	5284607	MBWXNTAXLNYFJB-NKFFZRIASA-N	low
kale leaf (whole, raw)	Niacin	3712	938	PVNIIMVLHYAWGP-UHFFFAOYSA-N	low
kale leaf (whole, raw)	Fructose	3712		LKDRXBCSQODPBY-VRPWFDPXSA-N	low
kale leaf (whole, raw)	beta Cryptoxanthin	3712	5281235	DMASLKHVQRHNES-FKKUPVFPSA-N	low
kale leaf (whole, raw)	Manganese	3712		PWHULOQIROXLJO-UHFFFAOYSA-N	low
kale leaf (whole, raw)	Nitrogen	3712	947	IJGRMHOSHXDMSA-UHFFFAOYSA-N	low
kale leaf (whole, raw)	Magnesium	3712		FYYHWMGAXLPEAU-UHFFFAOYSA-N	low
kale leaf (whole, raw)	Vitamin B-6	3712		ZUFQODAHGAHPFQ-UHFFFAOYSA-N	low
kale leaf (whole, raw)	Carotene, beta	3712		OENHQHLEOONYIE-QGWNBGMGSA-N	low
kale leaf (whole, raw)	alpha-tocopherol	3712	14985	GVJHHUAWPYXKBD-IEOSBIPESA-N	low
kale leaf (whole, raw)	gamma Tocopherol	3712	92729	QUEDXNHFTDJVIY-DQCZWYHMSA-N	low
kale leaf (whole, raw)	Copper	3712		RYGMFSIKBFXOCR-UHFFFAOYSA-N	low
kale leaf (whole, raw)	Calcium	3712		OYPRJOBELJOOCE-UHFFFAOYSA-N	low
kale leaf (whole, raw)	Glucose	3712		WQZGKKKJIJFFOK-GASJEMHNSA-N	low
kale leaf (whole, raw)	Sodium	3712		KEAYESYHFKHZAL-UHFFFAOYSA-N	low
kale leaf (whole, raw)	Water	3712	962	XLYOFNOQVPJJNP-UHFFFAOYSA-N	low
kale leaf (whole, raw)	Thiamin	3712	1130	JZRWCGZRTZMZEH-UHFFFAOYSA-N	low
kale leaf (whole, raw)	Pantothenic acid	3712	6613	GHOKWGTUZJEAQD-ZETCQYMHSA-N	low
kale leaf (whole, raw)	Riboflavin	3712	493570	AUNGANRZJHBGPY-SCRDCRAPSA-N	low
kale leaf (whole, raw)	Iron	3712		XEEYBQQBJWHFJM-UHFFFAOYSA-N	low
kale leaf (whole, raw)	Potassium	3712		ZLMJMSJWJFRBEC-UHFFFAOYSA-N	low
hen egg liquid (pasteurized, frozen)	Iron	9031		XEEYBQQBJWHFJM-UHFFFAOYSA-N	low
hen egg liquid (pasteurized, frozen)	25-hydroxycholecalciferol	9031	5283731	JWUBBDSIWDLEOM-DTOXIADCSA-N	low
hen egg liquid (pasteurized, frozen)	Water	9031	962	XLYOFNOQVPJJNP-UHFFFAOYSA-N	low
hen egg liquid (pasteurized, frozen)	Sodium	9031		KEAYESYHFKHZAL-UHFFFAOYSA-N	low
hen egg liquid (pasteurized, frozen)	Iodine	9031	807	PNDPGZBMCMUPRI-UHFFFAOYSA-N	low
hen egg liquid (pasteurized, frozen)	Potassium	9031		ZLMJMSJWJFRBEC-UHFFFAOYSA-N	low
hen egg liquid (pasteurized, frozen)	Magnesium	9031		FYYHWMGAXLPEAU-UHFFFAOYSA-N	low
hen egg liquid (pasteurized, frozen)	Vitamin D3 (cholecalciferol)	9031	5280795	QYSXJUFSXHHAJI-YRZJJWOYSA-N	low
hen egg liquid (pasteurized, frozen)	Nitrogen	9031	947	IJGRMHOSHXDMSA-UHFFFAOYSA-N	low
hen egg liquid (pasteurized, frozen)	Calcium	9031		OYPRJOBELJOOCE-UHFFFAOYSA-N	low
hen egg liquid (pasteurized, frozen)	Cholesterol	9031	5997	HVYWMOMLDIMFJA-DPAQBDIFSA-N	low
hen egg white (pasteurized, frozen)	Potassium	9031		ZLMJMSJWJFRBEC-UHFFFAOYSA-N	low
hen egg white (pasteurized, frozen)	Magnesium	9031		FYYHWMGAXLPEAU-UHFFFAOYSA-N	low
hen egg white (pasteurized, frozen)	Cholesterol	9031	5997	HVYWMOMLDIMFJA-DPAQBDIFSA-N	low
hen egg white (pasteurized, frozen)	Iron	9031		XEEYBQQBJWHFJM-UHFFFAOYSA-N	low
hen egg white (pasteurized, frozen)	Nitrogen	9031	947	IJGRMHOSHXDMSA-UHFFFAOYSA-N	low
hen egg white (pasteurized, frozen)	Sodium	9031		KEAYESYHFKHZAL-UHFFFAOYSA-N	low
hen egg white (pasteurized, frozen)	Water	9031	962	XLYOFNOQVPJJNP-UHFFFAOYSA-N	low
hen egg white (pasteurized, frozen)	Calcium	9031		OYPRJOBELJOOCE-UHFFFAOYSA-N	low
hen egg white (dried)	Nitrogen	9031	947	IJGRMHOSHXDMSA-UHFFFAOYSA-N	low
hen egg white (dried)	Magnesium	9031		FYYHWMGAXLPEAU-UHFFFAOYSA-N	low
hen egg white (dried)	Sodium	9031		KEAYESYHFKHZAL-UHFFFAOYSA-N	low
hen egg white (dried)	Water	9031	962	XLYOFNOQVPJJNP-UHFFFAOYSA-N	low
hen egg white (dried)	Cholesterol	9031	5997	HVYWMOMLDIMFJA-DPAQBDIFSA-N	low
hen egg white (dried)	Potassium	9031		ZLMJMSJWJFRBEC-UHFFFAOYSA-N	low
hen egg white (dried)	Calcium	9031		OYPRJOBELJOOCE-UHFFFAOYSA-N	low
hen egg white (dried)	Iodine	9031	807	PNDPGZBMCMUPRI-UHFFFAOYSA-N	low
peach (whole, raw)	Vitamin B-6	3760		ZUFQODAHGAHPFQ-UHFFFAOYSA-N	low
peach (whole, raw)	Magnesium	3760		FYYHWMGAXLPEAU-UHFFFAOYSA-N	low
peach (whole, raw)	Aspartic acid	3760	5960	CKLJMWTZIZZHCS-REOHCLBHSA-N	low
peach (whole, raw)	Niacin	3760	938	PVNIIMVLHYAWGP-UHFFFAOYSA-N	low
peach (whole, raw)	beta Cryptoxanthin	3760	5281235	DMASLKHVQRHNES-FKKUPVFPSA-N	low
peach (whole, raw)	Arginine	3760	6322	ODKSFYDXXFIFQN-BYPYZUCNSA-N	low
peach (whole, raw)	Thiamin	3760	1130	JZRWCGZRTZMZEH-UHFFFAOYSA-N	low
peach (whole, raw)	Pantothenic acid	3760	6613	GHOKWGTUZJEAQD-ZETCQYMHSA-N	low
peach (whole, raw)	Water	3760	962	XLYOFNOQVPJJNP-UHFFFAOYSA-N	low
peach (whole, raw)	Riboflavin	3760	493570	AUNGANRZJHBGPY-SCRDCRAPSA-N	low
peach (whole, raw)	Nitrogen	3760	947	IJGRMHOSHXDMSA-UHFFFAOYSA-N	low
peach (whole, raw)	Serine	3760	5951	MTCFGRXMJLQNBG-REOHCLBHSA-N	low
peach (whole, raw)	Maltose	3760		GUBGYTABKSRVRQ-QUYVBRFLSA-N	low
peach (whole, raw)	Sodium	3760		KEAYESYHFKHZAL-UHFFFAOYSA-N	low
peach (whole, raw)	Alanine	3760	5950	QNAYBMKLOCPYGJ-REOHCLBHSA-N	low
peach (whole, raw)	Manganese	3760		PWHULOQIROXLJO-UHFFFAOYSA-N	low
peach (whole, raw)	Glutamic acid	3760	33032	WHUUTDBJXJRKMK-VKHMYHEASA-N	low
peach (whole, raw)	Valine	3760	6287	KZSNJWFQEVHDMF-BYPYZUCNSA-N	low
peach (whole, raw)	Phenylalanine	3760	6140	COLNVLDHVKWLRT-QMMMGPOBSA-N	low
peach (whole, raw)	Fructose	3760		LKDRXBCSQODPBY-VRPWFDPXSA-N	low
peach (whole, raw)	Leucine	3760	6106	ROHFNLRQFUQHCH-YFKPBYRVSA-N	low
peach (whole, raw)	Sucrose	3760	5988	CZMRCDWAGMRECN-UGDNZRGBSA-N	low
peach (whole, raw)	Histidine	3760	6274	HNDVDQJCIGZPNO-YFKPBYRVSA-N	low
peach (whole, raw)	Glycine	3760	750	DHMQDGOQFOQNFH-UHFFFAOYSA-N	low
peach (whole, raw)	Galactose	3760		WQZGKKKJIJFFOK-SVZMEOIVSA-N	low
peach (whole, raw)	Isoleucine	3760	6306	AGPKZVBTJJNPAG-WHFBIAKZSA-N	low
peach (whole, raw)	Lysine	3760	5962	KDXKERNSBIXSRK-YFKPBYRVSA-N	low
peach (whole, raw)	Tryptophan	3760	6305	QIVBCDIJIAJPQS-VIFPVBQESA-N	low
peach (whole, raw)	Copper	3760		RYGMFSIKBFXOCR-UHFFFAOYSA-N	low
peach (whole, raw)	Iron	3760		XEEYBQQBJWHFJM-UHFFFAOYSA-N	low
peach (whole, raw)	phylloquinone	3760	5284607	MBWXNTAXLNYFJB-NKFFZRIASA-N	low
peach (whole, raw)	Proline	3760	145742	ONIBWKKTOPOVIA-BYPYZUCNSA-N	low
peach (whole, raw)	Calcium	3760		OYPRJOBELJOOCE-UHFFFAOYSA-N	low
peach (whole, raw)	Potassium	3760		ZLMJMSJWJFRBEC-UHFFFAOYSA-N	low
peach (whole, raw)	Tyrosine	3760	6057	OUYCCCASQSFEME-QMMMGPOBSA-N	low
peach (whole, raw)	Cystine	3760		LEVWYRKDKASIDU-UHFFFAOYSA-N	low
peach (whole, raw)	Threonine	3760	6288	AYFVYJQAPQTCCC-GBXIJSLDSA-N	low
peach (whole, raw)	Glucose	3760		WQZGKKKJIJFFOK-GASJEMHNSA-N	low
peach (whole, raw)	Selenium	3760		BUGBHKTXTAQXES-UHFFFAOYSA-N	low
peach (whole, raw)	Carotene, beta	3760		OENHQHLEOONYIE-QGWNBGMGSA-N	low
peach (whole, raw)	Methionine	3760	6137	FFEARJCKVFRZRR-BYPYZUCNSA-N	low
kiwifruit (whole, raw)	Water	3627	962	XLYOFNOQVPJJNP-UHFFFAOYSA-N	low
kiwifruit (whole, raw)	gamma Tocopherol	3627	92729	QUEDXNHFTDJVIY-DQCZWYHMSA-N	low
kiwifruit (whole, raw)	Galactose	3627		WQZGKKKJIJFFOK-SVZMEOIVSA-N	low
kiwifruit (whole, raw)	Threonine	3627	6288	AYFVYJQAPQTCCC-GBXIJSLDSA-N	low
kiwifruit (whole, raw)	Sucrose	3627	5988	CZMRCDWAGMRECN-UGDNZRGBSA-N	low
kiwifruit (whole, raw)	Sodium	3627		KEAYESYHFKHZAL-UHFFFAOYSA-N	low
kiwifruit (whole, raw)	Potassium	3627		ZLMJMSJWJFRBEC-UHFFFAOYSA-N	low
kiwifruit (whole, raw)	Glutamic acid	3627	33032	WHUUTDBJXJRKMK-VKHMYHEASA-N	low
kiwifruit (whole, raw)	Pantothenic acid	3627	6613	GHOKWGTUZJEAQD-ZETCQYMHSA-N	low
kiwifruit (whole, raw)	Cystine	3627		LEVWYRKDKASIDU-UHFFFAOYSA-N	low
kiwifruit (whole, raw)	Selenium	3627		BUGBHKTXTAQXES-UHFFFAOYSA-N	low
kiwifruit (whole, raw)	Glucose	3627		WQZGKKKJIJFFOK-GASJEMHNSA-N	low
kiwifruit (whole, raw)	Nitrogen	3627	947	IJGRMHOSHXDMSA-UHFFFAOYSA-N	low
kiwifruit (whole, raw)	Vitamin B-6	3627		ZUFQODAHGAHPFQ-UHFFFAOYSA-N	low
kiwifruit (whole, raw)	Lactose	3627	6134	GUBGYTABKSRVRQ-DCSYEGIMSA-N	low
kiwifruit (whole, raw)	gamma Tocotrienol	3627	5282349	OTXNTMVVOOBZCV-WAZJVIJMSA-N	low
kiwifruit (whole, raw)	Phenylalanine	3627	6140	COLNVLDHVKWLRT-QMMMGPOBSA-N	low
kiwifruit (whole, raw)	Manganese	3627		PWHULOQIROXLJO-UHFFFAOYSA-N	low
kiwifruit (whole, raw)	Arginine	3627	6322	ODKSFYDXXFIFQN-BYPYZUCNSA-N	low
kiwifruit (whole, raw)	Glycine	3627	750	DHMQDGOQFOQNFH-UHFFFAOYSA-N	low
kiwifruit (whole, raw)	Leucine	3627	6106	ROHFNLRQFUQHCH-YFKPBYRVSA-N	low
kiwifruit (whole, raw)	Magnesium	3627		FYYHWMGAXLPEAU-UHFFFAOYSA-N	low
kiwifruit (whole, raw)	Tryptophan	3627	6305	QIVBCDIJIAJPQS-VIFPVBQESA-N	low
kiwifruit (whole, raw)	Isoleucine	3627	6306	AGPKZVBTJJNPAG-WHFBIAKZSA-N	low
kiwifruit (whole, raw)	Valine	3627	6287	KZSNJWFQEVHDMF-BYPYZUCNSA-N	low
kiwifruit (whole, raw)	Serine	3627	5951	MTCFGRXMJLQNBG-REOHCLBHSA-N	low
kiwifruit (whole, raw)	Niacin	3627	938	PVNIIMVLHYAWGP-UHFFFAOYSA-N	low
kiwifruit (whole, raw)	Iron	3627		XEEYBQQBJWHFJM-UHFFFAOYSA-N	low
kiwifruit (whole, raw)	Methionine	3627	6137	FFEARJCKVFRZRR-BYPYZUCNSA-N	low
kiwifruit (whole, raw)	Carotene, beta	3627		OENHQHLEOONYIE-QGWNBGMGSA-N	low
kiwifruit (whole, raw)	Maltose	3627		GUBGYTABKSRVRQ-QUYVBRFLSA-N	low
kiwifruit (whole, raw)	Tyrosine	3627	6057	OUYCCCASQSFEME-QMMMGPOBSA-N	low
kiwifruit (whole, raw)	Histidine	3627	6274	HNDVDQJCIGZPNO-YFKPBYRVSA-N	low
kiwifruit (whole, raw)	Thiamin	3627	1130	JZRWCGZRTZMZEH-UHFFFAOYSA-N	low
kiwifruit (whole, raw)	Fructose	3627		LKDRXBCSQODPBY-VRPWFDPXSA-N	low
kiwifruit (whole, raw)	alpha-tocopherol	3627	14985	GVJHHUAWPYXKBD-IEOSBIPESA-N	low
kiwifruit (whole, raw)	Calcium	3627		OYPRJOBELJOOCE-UHFFFAOYSA-N	low
kiwifruit (whole, raw)	Alanine	3627	5950	QNAYBMKLOCPYGJ-REOHCLBHSA-N	low
kiwifruit (whole, raw)	Riboflavin	3627	493570	AUNGANRZJHBGPY-SCRDCRAPSA-N	low
kiwifruit (whole, raw)	Aspartic acid	3627	5960	CKLJMWTZIZZHCS-REOHCLBHSA-N	low
kiwifruit (whole, raw)	phylloquinone	3627	5284607	MBWXNTAXLNYFJB-NKFFZRIASA-N	low
kiwifruit (whole, raw)	Lysine	3627	5962	KDXKERNSBIXSRK-YFKPBYRVSA-N	low
kiwifruit (whole, raw)	Proline	3627	145742	ONIBWKKTOPOVIA-BYPYZUCNSA-N	low
kiwifruit (whole, raw)	Copper	3627		RYGMFSIKBFXOCR-UHFFFAOYSA-N	low
nectarine (whole, raw)	Manganese	3760		PWHULOQIROXLJO-UHFFFAOYSA-N	low
nectarine (whole, raw)	Leucine	3760	6106	ROHFNLRQFUQHCH-YFKPBYRVSA-N	low
nectarine (whole, raw)	Lysine	3760	5962	KDXKERNSBIXSRK-YFKPBYRVSA-N	low
nectarine (whole, raw)	Serine	3760	5951	MTCFGRXMJLQNBG-REOHCLBHSA-N	low
nectarine (whole, raw)	Histidine	3760	6274	HNDVDQJCIGZPNO-YFKPBYRVSA-N	low
nectarine (whole, raw)	alpha-tocopherol	3760	14985	GVJHHUAWPYXKBD-IEOSBIPESA-N	low
nectarine (whole, raw)	Proline	3760	145742	ONIBWKKTOPOVIA-BYPYZUCNSA-N	low
nectarine (whole, raw)	Aspartic acid	3760	5960	CKLJMWTZIZZHCS-REOHCLBHSA-N	low
nectarine (whole, raw)	Water	3760	962	XLYOFNOQVPJJNP-UHFFFAOYSA-N	low
nectarine (whole, raw)	Niacin	3760	938	PVNIIMVLHYAWGP-UHFFFAOYSA-N	low
nectarine (whole, raw)	Iron	3760		XEEYBQQBJWHFJM-UHFFFAOYSA-N	low
nectarine (whole, raw)	Threonine	3760	6288	AYFVYJQAPQTCCC-GBXIJSLDSA-N	low
nectarine (whole, raw)	Methionine	3760	6137	FFEARJCKVFRZRR-BYPYZUCNSA-N	low
nectarine (whole, raw)	Copper	3760		RYGMFSIKBFXOCR-UHFFFAOYSA-N	low
nectarine (whole, raw)	gamma Tocopherol	3760	92729	QUEDXNHFTDJVIY-DQCZWYHMSA-N	low
nectarine (whole, raw)	Magnesium	3760		FYYHWMGAXLPEAU-UHFFFAOYSA-N	low
nectarine (whole, raw)	Pantothenic acid	3760	6613	GHOKWGTUZJEAQD-ZETCQYMHSA-N	low
nectarine (whole, raw)	Tyrosine	3760	6057	OUYCCCASQSFEME-QMMMGPOBSA-N	low
nectarine (whole, raw)	Thiamin	3760	1130	JZRWCGZRTZMZEH-UHFFFAOYSA-N	low
nectarine (whole, raw)	Fructose	3760		LKDRXBCSQODPBY-VRPWFDPXSA-N	low
nectarine (whole, raw)	Phenylalanine	3760	6140	COLNVLDHVKWLRT-QMMMGPOBSA-N	low
nectarine (whole, raw)	Calcium	3760		OYPRJOBELJOOCE-UHFFFAOYSA-N	low
nectarine (whole, raw)	Glutamic acid	3760	33032	WHUUTDBJXJRKMK-VKHMYHEASA-N	low
nectarine (whole, raw)	Potassium	3760		ZLMJMSJWJFRBEC-UHFFFAOYSA-N	low
nectarine (whole, raw)	Glycine	3760	750	DHMQDGOQFOQNFH-UHFFFAOYSA-N	low
nectarine (whole, raw)	Valine	3760	6287	KZSNJWFQEVHDMF-BYPYZUCNSA-N	low
nectarine (whole, raw)	Nitrogen	3760	947	IJGRMHOSHXDMSA-UHFFFAOYSA-N	low
nectarine (whole, raw)	phylloquinone	3760	5284607	MBWXNTAXLNYFJB-NKFFZRIASA-N	low
nectarine (whole, raw)	delta Tocopherol	3760	92094	GZIFEOYASATJEH-VHFRWLAGSA-N	low
nectarine (whole, raw)	Vitamin B-6	3760		ZUFQODAHGAHPFQ-UHFFFAOYSA-N	low
nectarine (whole, raw)	beta Cryptoxanthin	3760	5281235	DMASLKHVQRHNES-FKKUPVFPSA-N	low
nectarine (whole, raw)	Carotene, beta	3760		OENHQHLEOONYIE-QGWNBGMGSA-N	low
nectarine (whole, raw)	Sodium	3760		KEAYESYHFKHZAL-UHFFFAOYSA-N	low
nectarine (whole, raw)	Cystine	3760		LEVWYRKDKASIDU-UHFFFAOYSA-N	low
nectarine (whole, raw)	Arginine	3760	6322	ODKSFYDXXFIFQN-BYPYZUCNSA-N	low
nectarine (whole, raw)	Glucose	3760		WQZGKKKJIJFFOK-GASJEMHNSA-N	low
nectarine (whole, raw)	Tryptophan	3760	6305	QIVBCDIJIAJPQS-VIFPVBQESA-N	low
nectarine (whole, raw)	Isoleucine	3760	6306	AGPKZVBTJJNPAG-WHFBIAKZSA-N	low
nectarine (whole, raw)	Riboflavin	3760	493570	AUNGANRZJHBGPY-SCRDCRAPSA-N	low
nectarine (whole, raw)	Alanine	3760	5950	QNAYBMKLOCPYGJ-REOHCLBHSA-N	low
nectarine (whole, raw)	Sucrose	3760	5988	CZMRCDWAGMRECN-UGDNZRGBSA-N	low
nectarine (whole, raw)	beta Tocopherol	3760	6857447	WGVKWNUPNGFDFJ-DQCZWYHMSA-N	low
hen egg (shell off, solids, dried)	Potassium	9031		ZLMJMSJWJFRBEC-UHFFFAOYSA-N	low
hen egg (shell off, solids, dried)	Iodine	9031	807	PNDPGZBMCMUPRI-UHFFFAOYSA-N	low
hen egg (shell off, solids, dried)	Vitamin D3 (cholecalciferol)	9031	5280795	QYSXJUFSXHHAJI-YRZJJWOYSA-N	low
hen egg (shell off, solids, dried)	Nitrogen	9031	947	IJGRMHOSHXDMSA-UHFFFAOYSA-N	low
hen egg (shell off, solids, dried)	Magnesium	9031		FYYHWMGAXLPEAU-UHFFFAOYSA-N	low
hen egg (shell off, solids, dried)	Cholesterol	9031	5997	HVYWMOMLDIMFJA-DPAQBDIFSA-N	low
hen egg (shell off, solids, dried)	Water	9031	962	XLYOFNOQVPJJNP-UHFFFAOYSA-N	low
hen egg (shell off, solids, dried)	Calcium	9031		OYPRJOBELJOOCE-UHFFFAOYSA-N	low
hen egg (shell off, solids, dried)	25-hydroxycholecalciferol	9031	5283731	JWUBBDSIWDLEOM-DTOXIADCSA-N	low
hen egg (shell off, solids, dried)	Iron	9031		XEEYBQQBJWHFJM-UHFFFAOYSA-N	low
hen egg (shell off, solids, dried)	Sodium	9031		KEAYESYHFKHZAL-UHFFFAOYSA-N	low
hen egg yolk (frozen)	Sodium	9031		KEAYESYHFKHZAL-UHFFFAOYSA-N	low
hen egg yolk (frozen)	Nitrogen	9031	947	IJGRMHOSHXDMSA-UHFFFAOYSA-N	low
hen egg yolk (frozen)	25-hydroxycholecalciferol	9031	5283731	JWUBBDSIWDLEOM-DTOXIADCSA-N	low
hen egg yolk (frozen)	Manganese	9031		PWHULOQIROXLJO-UHFFFAOYSA-N	low
hen egg yolk (frozen)	Iodine	9031	807	PNDPGZBMCMUPRI-UHFFFAOYSA-N	low
hen egg yolk (frozen)	Magnesium	9031		FYYHWMGAXLPEAU-UHFFFAOYSA-N	low
hen egg yolk (frozen)	Vitamin D3 (cholecalciferol)	9031	5280795	QYSXJUFSXHHAJI-YRZJJWOYSA-N	low
hen egg yolk (frozen)	Iron	9031		XEEYBQQBJWHFJM-UHFFFAOYSA-N	low
hen egg yolk (frozen)	Calcium	9031		OYPRJOBELJOOCE-UHFFFAOYSA-N	low
hen egg yolk (frozen)	Cholesterol	9031	5997	HVYWMOMLDIMFJA-DPAQBDIFSA-N	low
hen egg yolk (frozen)	Water	9031	962	XLYOFNOQVPJJNP-UHFFFAOYSA-N	low
hen egg yolk (frozen)	Potassium	9031		ZLMJMSJWJFRBEC-UHFFFAOYSA-N	low
hen egg yolk (dried)	Magnesium	9031		FYYHWMGAXLPEAU-UHFFFAOYSA-N	low
hen egg yolk (dried)	Water	9031	962	XLYOFNOQVPJJNP-UHFFFAOYSA-N	low
hen egg yolk (dried)	Vitamin D3 (cholecalciferol)	9031	5280795	QYSXJUFSXHHAJI-YRZJJWOYSA-N	low
hen egg yolk (dried)	Sodium	9031		KEAYESYHFKHZAL-UHFFFAOYSA-N	low
hen egg yolk (dried)	Potassium	9031		ZLMJMSJWJFRBEC-UHFFFAOYSA-N	low
hen egg yolk (dried)	25-hydroxycholecalciferol	9031	5283731	JWUBBDSIWDLEOM-DTOXIADCSA-N	low
hen egg yolk (dried)	Nitrogen	9031	947	IJGRMHOSHXDMSA-UHFFFAOYSA-N	low
hen egg yolk (dried)	Iodine	9031	807	PNDPGZBMCMUPRI-UHFFFAOYSA-N	low
hen egg yolk (dried)	Cholesterol	9031	5997	HVYWMOMLDIMFJA-DPAQBDIFSA-N	low
hen egg yolk (dried)	Iron	9031		XEEYBQQBJWHFJM-UHFFFAOYSA-N	low
hen egg yolk (dried)	Calcium	9031		OYPRJOBELJOOCE-UHFFFAOYSA-N	low
coconut oil	Tocotrienol, alpha	13894		RZFHLOLGZPDCHJ-UHFFFAOYSA-N	low
coconut oil	Tocotrienol, delta	13894	5282350	ODADKLYLWWCHNB-LDYBVBFYSA-N	low
coconut oil	Tocotrienol, beta	13894		FGYKUFVNYVMTAM-WAZJVIJMSA-N	low
coconut oil	Iron	13894		XEEYBQQBJWHFJM-UHFFFAOYSA-N	low
coconut oil	Water	13894	962	XLYOFNOQVPJJNP-UHFFFAOYSA-N	low
coconut oil	Calcium	13894		OYPRJOBELJOOCE-UHFFFAOYSA-N	low
coconut oil	phylloquinone	13894	5284607	MBWXNTAXLNYFJB-NKFFZRIASA-N	low
coconut oil	alpha-tocopherol	13894	14985	GVJHHUAWPYXKBD-IEOSBIPESA-N	low
coconut oil	delta Tocopherol	13894	92094	GZIFEOYASATJEH-VHFRWLAGSA-N	low
coconut oil	beta Tocopherol	13894	6857447	WGVKWNUPNGFDFJ-DQCZWYHMSA-N	low
coconut oil	gamma Tocotrienol	13894	5282349	OTXNTMVVOOBZCV-WAZJVIJMSA-N	low
haddock (raw)	Iron	8056		XEEYBQQBJWHFJM-UHFFFAOYSA-N	low
haddock (raw)	Calcium	8056		OYPRJOBELJOOCE-UHFFFAOYSA-N	low
haddock (raw)	Cholesterol	8056	5997	HVYWMOMLDIMFJA-DPAQBDIFSA-N	low
haddock (raw)	Pantothenic acid	8056	6613	GHOKWGTUZJEAQD-ZETCQYMHSA-N	low
haddock (raw)	Vitamin B-12	8056		FDJOLVPMNUYSCM-WZHZPDAFSA-L	low
haddock (raw)	alpha-tocopherol	8056	14985	GVJHHUAWPYXKBD-IEOSBIPESA-N	low
haddock (raw)	Copper	8056		RYGMFSIKBFXOCR-UHFFFAOYSA-N	low
haddock (raw)	Selenium	8056		BUGBHKTXTAQXES-UHFFFAOYSA-N	low
haddock (raw)	Nitrogen	8056	947	IJGRMHOSHXDMSA-UHFFFAOYSA-N	low
haddock (raw)	Vitamin B-6	8056		ZUFQODAHGAHPFQ-UHFFFAOYSA-N	low
haddock (raw)	Thiamin	8056	1130	JZRWCGZRTZMZEH-UHFFFAOYSA-N	low
haddock (raw)	Vitamin D3 (cholecalciferol)	8056	5280795	QYSXJUFSXHHAJI-YRZJJWOYSA-N	low
haddock (raw)	Water	8056	962	XLYOFNOQVPJJNP-UHFFFAOYSA-N	low
haddock (raw)	Magnesium	8056		FYYHWMGAXLPEAU-UHFFFAOYSA-N	low
haddock (raw)	Manganese	8056		PWHULOQIROXLJO-UHFFFAOYSA-N	low
haddock (raw)	Potassium	8056		ZLMJMSJWJFRBEC-UHFFFAOYSA-N	low
haddock (raw)	Riboflavin	8056	493570	AUNGANRZJHBGPY-SCRDCRAPSA-N	low
haddock (raw)	Sodium	8056		KEAYESYHFKHZAL-UHFFFAOYSA-N	low
haddock (raw)	Niacin	8056	938	PVNIIMVLHYAWGP-UHFFFAOYSA-N	low
pollock (raw)	Pantothenic acid	8059	6613	GHOKWGTUZJEAQD-ZETCQYMHSA-N	low
pollock (raw)	Aspartic acid	8059	5960	CKLJMWTZIZZHCS-REOHCLBHSA-N	low
pollock (raw)	Tryptophan	8059	6305	QIVBCDIJIAJPQS-VIFPVBQESA-N	low
pollock (raw)	Magnesium	8059		FYYHWMGAXLPEAU-UHFFFAOYSA-N	low
pollock (raw)	Glycine	8059	750	DHMQDGOQFOQNFH-UHFFFAOYSA-N	low
pollock (raw)	Potassium	8059		ZLMJMSJWJFRBEC-UHFFFAOYSA-N	low
pollock (raw)	Phenylalanine	8059	6140	COLNVLDHVKWLRT-QMMMGPOBSA-N	low
pollock (raw)	Valine	8059	6287	KZSNJWFQEVHDMF-BYPYZUCNSA-N	low
pollock (raw)	Arginine	8059	6322	ODKSFYDXXFIFQN-BYPYZUCNSA-N	low
pollock (raw)	Iron	8059		XEEYBQQBJWHFJM-UHFFFAOYSA-N	low
pollock (raw)	Glutamic acid	8059	33032	WHUUTDBJXJRKMK-VKHMYHEASA-N	low
pollock (raw)	Isoleucine	8059	6306	AGPKZVBTJJNPAG-WHFBIAKZSA-N	low
pollock (raw)	Water	8059	962	XLYOFNOQVPJJNP-UHFFFAOYSA-N	low
pollock (raw)	Vitamin D3 (cholecalciferol)	8059	5280795	QYSXJUFSXHHAJI-YRZJJWOYSA-N	low
pollock (raw)	Manganese	8059		PWHULOQIROXLJO-UHFFFAOYSA-N	low
pollock (raw)	Threonine	8059	6288	AYFVYJQAPQTCCC-GBXIJSLDSA-N	low
pollock (raw)	Vitamin B-12	8059		FDJOLVPMNUYSCM-WZHZPDAFSA-L	low
pollock (raw)	Selenium	8059		BUGBHKTXTAQXES-UHFFFAOYSA-N	low
pollock (raw)	Lysine	8059	5962	KDXKERNSBIXSRK-YFKPBYRVSA-N	low
pollock (raw)	Histidine	8059	6274	HNDVDQJCIGZPNO-YFKPBYRVSA-N	low
pollock (raw)	Vitamin B-6	8059		ZUFQODAHGAHPFQ-UHFFFAOYSA-N	low
pollock (raw)	Tyrosine	8059	6057	OUYCCCASQSFEME-QMMMGPOBSA-N	low
pollock (raw)	Sodium	8059		KEAYESYHFKHZAL-UHFFFAOYSA-N	low
pollock (raw)	Niacin	8059	938	PVNIIMVLHYAWGP-UHFFFAOYSA-N	low
pollock (raw)	Riboflavin	8059	493570	AUNGANRZJHBGPY-SCRDCRAPSA-N	low
pollock (raw)	Cystine	8059		LEVWYRKDKASIDU-UHFFFAOYSA-N	low
pollock (raw)	Nitrogen	8059	947	IJGRMHOSHXDMSA-UHFFFAOYSA-N	low
pollock (raw)	alpha-tocopherol	8059	14985	GVJHHUAWPYXKBD-IEOSBIPESA-N	low
pollock (raw)	Methionine	8059	6137	FFEARJCKVFRZRR-BYPYZUCNSA-N	low
pollock (raw)	Leucine	8059	6106	ROHFNLRQFUQHCH-YFKPBYRVSA-N	low
pollock (raw)	Cholesterol	8059	5997	HVYWMOMLDIMFJA-DPAQBDIFSA-N	low
pollock (raw)	Alanine	8059	5950	QNAYBMKLOCPYGJ-REOHCLBHSA-N	low
pollock (raw)	Proline	8059	145742	ONIBWKKTOPOVIA-BYPYZUCNSA-N	low
pollock (raw)	Serine	8059	5951	MTCFGRXMJLQNBG-REOHCLBHSA-N	low
pollock (raw)	Copper	8059		RYGMFSIKBFXOCR-UHFFFAOYSA-N	low
pollock (raw)	Retinol	8059	445354	FPIPGXGPPPQFEQ-OVSJKPMPSA-N	low
pollock (raw)	Thiamin	8059	1130	JZRWCGZRTZMZEH-UHFFFAOYSA-N	low
pollock (raw)	Calcium	8059		OYPRJOBELJOOCE-UHFFFAOYSA-N	low
beef top loin steak	Selenium	9913		BUGBHKTXTAQXES-UHFFFAOYSA-N	low
beef top loin steak	Riboflavin	9913	493570	AUNGANRZJHBGPY-SCRDCRAPSA-N	low
beef top loin steak	Magnesium	9913		FYYHWMGAXLPEAU-UHFFFAOYSA-N	low
beef top loin steak	Potassium	9913		ZLMJMSJWJFRBEC-UHFFFAOYSA-N	low
beef top loin steak	Vitamin B-6	9913		ZUFQODAHGAHPFQ-UHFFFAOYSA-N	low
beef top loin steak	Pantothenic acid	9913	6613	GHOKWGTUZJEAQD-ZETCQYMHSA-N	low
beef top loin steak	Iron	9913		XEEYBQQBJWHFJM-UHFFFAOYSA-N	low
beef top loin steak	Thiamin	9913	1130	JZRWCGZRTZMZEH-UHFFFAOYSA-N	low
beef top loin steak	Niacin	9913	938	PVNIIMVLHYAWGP-UHFFFAOYSA-N	low
beef top loin steak	Calcium	9913		OYPRJOBELJOOCE-UHFFFAOYSA-N	low
beef top loin steak	Copper	9913		RYGMFSIKBFXOCR-UHFFFAOYSA-N	low
beef top loin steak	25-hydroxycholecalciferol	9913	5283731	JWUBBDSIWDLEOM-DTOXIADCSA-N	low
beef top loin steak	Water	9913	962	XLYOFNOQVPJJNP-UHFFFAOYSA-N	low
beef top loin steak	Betaine	9913		KWIUHFFTVRNATP-UHFFFAOYSA-N	low
beef top loin steak	gamma Tocopherol	9913	92729	QUEDXNHFTDJVIY-DQCZWYHMSA-N	low
beef top loin steak	Cholesterol	9913	5997	HVYWMOMLDIMFJA-DPAQBDIFSA-N	low
beef top loin steak	Sodium	9913		KEAYESYHFKHZAL-UHFFFAOYSA-N	low
beef top loin steak	alpha-tocopherol	9913	14985	GVJHHUAWPYXKBD-IEOSBIPESA-N	low
beef top loin steak	Vitamin B-12	9913		FDJOLVPMNUYSCM-WZHZPDAFSA-L	low
beef top loin steak	Manganese	9913		PWHULOQIROXLJO-UHFFFAOYSA-N	low
beef round roast (boneless, raw)	Iron	9913		XEEYBQQBJWHFJM-UHFFFAOYSA-N	low
beef round roast (boneless, raw)	Selenium	9913		BUGBHKTXTAQXES-UHFFFAOYSA-N	low
beef round roast (boneless, raw)	Magnesium	9913		FYYHWMGAXLPEAU-UHFFFAOYSA-N	low
beef round roast (boneless, raw)	Vitamin B-6	9913		ZUFQODAHGAHPFQ-UHFFFAOYSA-N	low
beef round roast (boneless, raw)	Vitamin B-12	9913		FDJOLVPMNUYSCM-WZHZPDAFSA-L	low
beef round roast (boneless, raw)	Riboflavin	9913	493570	AUNGANRZJHBGPY-SCRDCRAPSA-N	low
beef round roast (boneless, raw)	Cholesterol	9913	5997	HVYWMOMLDIMFJA-DPAQBDIFSA-N	low
beef round roast (boneless, raw)	Water	9913	962	XLYOFNOQVPJJNP-UHFFFAOYSA-N	low
beef round roast (boneless, raw)	Potassium	9913		ZLMJMSJWJFRBEC-UHFFFAOYSA-N	low
beef round roast (boneless, raw)	Niacin	9913	938	PVNIIMVLHYAWGP-UHFFFAOYSA-N	low
beef round roast (boneless, raw)	Calcium	9913		OYPRJOBELJOOCE-UHFFFAOYSA-N	low
beef round roast (boneless, raw)	Sodium	9913		KEAYESYHFKHZAL-UHFFFAOYSA-N	low
beef round roast (boneless, raw)	Manganese	9913		PWHULOQIROXLJO-UHFFFAOYSA-N	low
beef round roast (boneless, raw)	Copper	9913		RYGMFSIKBFXOCR-UHFFFAOYSA-N	low
beef round roast (boneless, raw)	Selenium	9913		BUGBHKTXTAQXES-UHFFFAOYSA-N	low
beef round roast (boneless, raw)	Betaine	9913		KWIUHFFTVRNATP-UHFFFAOYSA-N	low
beef round roast (boneless, raw)	Potassium	9913		ZLMJMSJWJFRBEC-UHFFFAOYSA-N	low
beef round roast (boneless, raw)	Water	9913	962	XLYOFNOQVPJJNP-UHFFFAOYSA-N	low
beef round roast (boneless, raw)	Vitamin B-12	9913		FDJOLVPMNUYSCM-WZHZPDAFSA-L	low
beef round roast (boneless, raw)	alpha-tocopherol	9913	14985	GVJHHUAWPYXKBD-IEOSBIPESA-N	low
beef round roast (boneless, raw)	Pantothenic acid	9913	6613	GHOKWGTUZJEAQD-ZETCQYMHSA-N	low
beef round roast (boneless, raw)	Sodium	9913		KEAYESYHFKHZAL-UHFFFAOYSA-N	low
beef round roast (boneless, raw)	Magnesium	9913		FYYHWMGAXLPEAU-UHFFFAOYSA-N	low
beef round roast (boneless, raw)	Thiamin	9913	1130	JZRWCGZRTZMZEH-UHFFFAOYSA-N	low
beef round roast (boneless, raw)	Calcium	9913		OYPRJOBELJOOCE-UHFFFAOYSA-N	low
beef round roast (boneless, raw)	Iron	9913		XEEYBQQBJWHFJM-UHFFFAOYSA-N	low
beef round roast (boneless, raw)	gamma Tocopherol	9913	92729	QUEDXNHFTDJVIY-DQCZWYHMSA-N	low
beef round roast (boneless, raw)	Copper	9913		RYGMFSIKBFXOCR-UHFFFAOYSA-N	low
beef round roast (boneless, raw)	Niacin	9913	938	PVNIIMVLHYAWGP-UHFFFAOYSA-N	low
beef round roast (boneless, raw)	Riboflavin	9913	493570	AUNGANRZJHBGPY-SCRDCRAPSA-N	low
beef round roast (boneless, raw)	Vitamin B-6	9913		ZUFQODAHGAHPFQ-UHFFFAOYSA-N	low
beef round roast (boneless, raw)	Cholesterol	9913	5997	HVYWMOMLDIMFJA-DPAQBDIFSA-N	low
beef round roast (boneless, raw)	Manganese	9913		PWHULOQIROXLJO-UHFFFAOYSA-N	low
beef round roast (boneless, raw)	25-hydroxycholecalciferol	9913	5283731	JWUBBDSIWDLEOM-DTOXIADCSA-N	low
porterhouse steak	Iron	9913		XEEYBQQBJWHFJM-UHFFFAOYSA-N	low
porterhouse steak	Selenium	9913		BUGBHKTXTAQXES-UHFFFAOYSA-N	low
porterhouse steak	Riboflavin	9913	493570	AUNGANRZJHBGPY-SCRDCRAPSA-N	low
porterhouse steak	Potassium	9913		ZLMJMSJWJFRBEC-UHFFFAOYSA-N	low
porterhouse steak	Niacin	9913	938	PVNIIMVLHYAWGP-UHFFFAOYSA-N	low
porterhouse steak	Sodium	9913		KEAYESYHFKHZAL-UHFFFAOYSA-N	low
porterhouse steak	Calcium	9913		OYPRJOBELJOOCE-UHFFFAOYSA-N	low
porterhouse steak	Vitamin B-6	9913		ZUFQODAHGAHPFQ-UHFFFAOYSA-N	low
porterhouse steak	Cholesterol	9913	5997	HVYWMOMLDIMFJA-DPAQBDIFSA-N	low
porterhouse steak	Water	9913	962	XLYOFNOQVPJJNP-UHFFFAOYSA-N	low
porterhouse steak	Magnesium	9913		FYYHWMGAXLPEAU-UHFFFAOYSA-N	low
porterhouse steak	Vitamin B-12	9913		FDJOLVPMNUYSCM-WZHZPDAFSA-L	low
porterhouse steak	Manganese	9913		PWHULOQIROXLJO-UHFFFAOYSA-N	low
porterhouse steak	Copper	9913		RYGMFSIKBFXOCR-UHFFFAOYSA-N	low
carrot (frozen)	Glutamic acid	4039	33032	WHUUTDBJXJRKMK-VKHMYHEASA-N	low
carrot (frozen)	Potassium	4039		ZLMJMSJWJFRBEC-UHFFFAOYSA-N	low
carrot (frozen)	Niacin	4039	938	PVNIIMVLHYAWGP-UHFFFAOYSA-N	low
carrot (frozen)	Cystine	4039		LEVWYRKDKASIDU-UHFFFAOYSA-N	low
carrot (frozen)	Vitamin B-6	4039		ZUFQODAHGAHPFQ-UHFFFAOYSA-N	low
carrot (frozen)	Alanine	4039	5950	QNAYBMKLOCPYGJ-REOHCLBHSA-N	low
carrot (frozen)	Leucine	4039	6106	ROHFNLRQFUQHCH-YFKPBYRVSA-N	low
carrot (frozen)	Lysine	4039	5962	KDXKERNSBIXSRK-YFKPBYRVSA-N	low
carrot (frozen)	Glucose	4039		WQZGKKKJIJFFOK-GASJEMHNSA-N	low
carrot (frozen)	Proline	4039	145742	ONIBWKKTOPOVIA-BYPYZUCNSA-N	low
carrot (frozen)	Thiamin	4039	1130	JZRWCGZRTZMZEH-UHFFFAOYSA-N	low
carrot (frozen)	Nitrogen	4039	947	IJGRMHOSHXDMSA-UHFFFAOYSA-N	low
carrot (frozen)	Pantothenic acid	4039	6613	GHOKWGTUZJEAQD-ZETCQYMHSA-N	low
carrot (frozen)	Serine	4039	5951	MTCFGRXMJLQNBG-REOHCLBHSA-N	low
carrot (frozen)	gamma Tocopherol	4039	92729	QUEDXNHFTDJVIY-DQCZWYHMSA-N	low
carrot (frozen)	Fructose	4039		LKDRXBCSQODPBY-VRPWFDPXSA-N	low
carrot (frozen)	Valine	4039	6287	KZSNJWFQEVHDMF-BYPYZUCNSA-N	low
carrot (frozen)	Arginine	4039	6322	ODKSFYDXXFIFQN-BYPYZUCNSA-N	low
carrot (frozen)	Phenylalanine	4039	6140	COLNVLDHVKWLRT-QMMMGPOBSA-N	low
carrot (frozen)	Isoleucine	4039	6306	AGPKZVBTJJNPAG-WHFBIAKZSA-N	low
carrot (frozen)	Calcium	4039		OYPRJOBELJOOCE-UHFFFAOYSA-N	low
carrot (frozen)	Sodium	4039		KEAYESYHFKHZAL-UHFFFAOYSA-N	low
carrot (frozen)	Aspartic acid	4039	5960	CKLJMWTZIZZHCS-REOHCLBHSA-N	low
carrot (frozen)	Tyrosine	4039	6057	OUYCCCASQSFEME-QMMMGPOBSA-N	low
carrot (frozen)	Water	4039	962	XLYOFNOQVPJJNP-UHFFFAOYSA-N	low
carrot (frozen)	Manganese	4039		PWHULOQIROXLJO-UHFFFAOYSA-N	low
carrot (frozen)	Methionine	4039	6137	FFEARJCKVFRZRR-BYPYZUCNSA-N	low
carrot (frozen)	beta Tocopherol	4039	6857447	WGVKWNUPNGFDFJ-DQCZWYHMSA-N	low
carrot (frozen)	Sucrose	4039	5988	CZMRCDWAGMRECN-UGDNZRGBSA-N	low
carrot (frozen)	Magnesium	4039		FYYHWMGAXLPEAU-UHFFFAOYSA-N	low
carrot (frozen)	Threonine	4039	6288	AYFVYJQAPQTCCC-GBXIJSLDSA-N	low
carrot (frozen)	Riboflavin	4039	493570	AUNGANRZJHBGPY-SCRDCRAPSA-N	low
carrot (frozen)	Histidine	4039	6274	HNDVDQJCIGZPNO-YFKPBYRVSA-N	low
carrot (frozen)	Tryptophan	4039	6305	QIVBCDIJIAJPQS-VIFPVBQESA-N	low
carrot (frozen)	alpha-tocopherol	4039	14985	GVJHHUAWPYXKBD-IEOSBIPESA-N	low
carrot (frozen)	Iron	4039		XEEYBQQBJWHFJM-UHFFFAOYSA-N	low
carrot (frozen)	Copper	4039		RYGMFSIKBFXOCR-UHFFFAOYSA-N	low
carrot (frozen)	Glycine	4039	750	DHMQDGOQFOQNFH-UHFFFAOYSA-N	low
carrot (frozen)	phylloquinone	4039	5284607	MBWXNTAXLNYFJB-NKFFZRIASA-N	low
fig (whole, dried)	Lysine	3494	5962	KDXKERNSBIXSRK-YFKPBYRVSA-N	low
fig (whole, dried)	Glutamic acid	3494	33032	WHUUTDBJXJRKMK-VKHMYHEASA-N	low
fig (whole, dried)	Serine	3494	5951	MTCFGRXMJLQNBG-REOHCLBHSA-N	low
fig (whole, dried)	delta Tocopherol	3494	92094	GZIFEOYASATJEH-VHFRWLAGSA-N	low
fig (whole, dried)	Copper	3494		RYGMFSIKBFXOCR-UHFFFAOYSA-N	low
fig (whole, dried)	Galactose	3494		WQZGKKKJIJFFOK-SVZMEOIVSA-N	low
fig (whole, dried)	Isoleucine	3494	6306	AGPKZVBTJJNPAG-WHFBIAKZSA-N	low
fig (whole, dried)	Aspartic acid	3494	5960	CKLJMWTZIZZHCS-REOHCLBHSA-N	low
fig (whole, dried)	Phenylalanine	3494	6140	COLNVLDHVKWLRT-QMMMGPOBSA-N	low
fig (whole, dried)	Tocotrienol, alpha	3494		RZFHLOLGZPDCHJ-UHFFFAOYSA-N	low
fig (whole, dried)	Methionine	3494	6137	FFEARJCKVFRZRR-BYPYZUCNSA-N	low
fig (whole, dried)	phylloquinone	3494	5284607	MBWXNTAXLNYFJB-NKFFZRIASA-N	low
fig (whole, dried)	Threonine	3494	6288	AYFVYJQAPQTCCC-GBXIJSLDSA-N	low
fig (whole, dried)	Vitamin B-6	3494		ZUFQODAHGAHPFQ-UHFFFAOYSA-N	low
fig (whole, dried)	Selenium	3494		BUGBHKTXTAQXES-UHFFFAOYSA-N	low
fig (whole, dried)	Sucrose	3494	5988	CZMRCDWAGMRECN-UGDNZRGBSA-N	low
fig (whole, dried)	beta Tocopherol	3494	6857447	WGVKWNUPNGFDFJ-DQCZWYHMSA-N	low
fig (whole, dried)	Water	3494	962	XLYOFNOQVPJJNP-UHFFFAOYSA-N	low
fig (whole, dried)	Valine	3494	6287	KZSNJWFQEVHDMF-BYPYZUCNSA-N	low
fig (whole, dried)	Leucine	3494	6106	ROHFNLRQFUQHCH-YFKPBYRVSA-N	low
fig (whole, dried)	Potassium	3494		ZLMJMSJWJFRBEC-UHFFFAOYSA-N	low
fig (whole, dried)	Pantothenic acid	3494	6613	GHOKWGTUZJEAQD-ZETCQYMHSA-N	low
fig (whole, dried)	Riboflavin	3494	493570	AUNGANRZJHBGPY-SCRDCRAPSA-N	low
fig (whole, dried)	Thiamin	3494	1130	JZRWCGZRTZMZEH-UHFFFAOYSA-N	low
fig (whole, dried)	Histidine	3494	6274	HNDVDQJCIGZPNO-YFKPBYRVSA-N	low
fig (whole, dried)	Calcium	3494		OYPRJOBELJOOCE-UHFFFAOYSA-N	low
fig (whole, dried)	gamma Tocopherol	3494	92729	QUEDXNHFTDJVIY-DQCZWYHMSA-N	low
fig (whole, dried)	Arginine	3494	6322	ODKSFYDXXFIFQN-BYPYZUCNSA-N	low
fig (whole, dried)	Proline	3494	145742	ONIBWKKTOPOVIA-BYPYZUCNSA-N	low
fig (whole, dried)	Alanine	3494	5950	QNAYBMKLOCPYGJ-REOHCLBHSA-N	low
fig (whole, dried)	Manganese	3494		PWHULOQIROXLJO-UHFFFAOYSA-N	low
fig (whole, dried)	Glycine	3494	750	DHMQDGOQFOQNFH-UHFFFAOYSA-N	low
fig (whole, dried)	Fructose	3494		LKDRXBCSQODPBY-VRPWFDPXSA-N	low
fig (whole, dried)	Tryptophan	3494	6305	QIVBCDIJIAJPQS-VIFPVBQESA-N	low
fig (whole, dried)	alpha-tocopherol	3494	14985	GVJHHUAWPYXKBD-IEOSBIPESA-N	low
fig (whole, dried)	Magnesium	3494		FYYHWMGAXLPEAU-UHFFFAOYSA-N	low
fig (whole, dried)	Sodium	3494		KEAYESYHFKHZAL-UHFFFAOYSA-N	low
fig (whole, dried)	Carotene, beta	3494		OENHQHLEOONYIE-QGWNBGMGSA-N	low
fig (whole, dried)	Niacin	3494	938	PVNIIMVLHYAWGP-UHFFFAOYSA-N	low
fig (whole, dried)	Iron	3494		XEEYBQQBJWHFJM-UHFFFAOYSA-N	low
fig (whole, dried)	Glucose	3494		WQZGKKKJIJFFOK-GASJEMHNSA-N	low
fig (whole, dried)	Cystine	3494		LEVWYRKDKASIDU-UHFFFAOYSA-N	low
fig (whole, dried)	Nitrogen	3494	947	IJGRMHOSHXDMSA-UHFFFAOYSA-N	low
fig (whole, dried)	Tyrosine	3494	6057	OUYCCCASQSFEME-QMMMGPOBSA-N	low
romaine lettuce head (raw)	Iron	4236		XEEYBQQBJWHFJM-UHFFFAOYSA-N	low
romaine lettuce head (raw)	Nitrogen	4236	947	IJGRMHOSHXDMSA-UHFFFAOYSA-N	low
romaine lettuce head (raw)	phylloquinone	4236	5284607	MBWXNTAXLNYFJB-NKFFZRIASA-N	low
romaine lettuce head (raw)	Thiamin	4236	1130	JZRWCGZRTZMZEH-UHFFFAOYSA-N	low
romaine lettuce head (raw)	5-methyl tetrahydrofolate	4236	439234	ZNOVTXRBGFNYRX-ZGTCLIOFSA-N	low
romaine lettuce head (raw)	Magnesium	4236		FYYHWMGAXLPEAU-UHFFFAOYSA-N	low
romaine lettuce head (raw)	Riboflavin	4236	493570	AUNGANRZJHBGPY-SCRDCRAPSA-N	low
romaine lettuce head (raw)	Copper	4236		RYGMFSIKBFXOCR-UHFFFAOYSA-N	low
romaine lettuce head (raw)	Fructose	4236		LKDRXBCSQODPBY-VRPWFDPXSA-N	low
romaine lettuce head (raw)	Manganese	4236		PWHULOQIROXLJO-UHFFFAOYSA-N	low
romaine lettuce head (raw)	10-Formyl folic acid	4236		UGWUWNVTCLDEOG-ZDUSSCGKSA-N	low
romaine lettuce head (raw)	delta Tocopherol	4236	92094	GZIFEOYASATJEH-VHFRWLAGSA-N	low
romaine lettuce head (raw)	5-Formyltetrahydrofolic acid	4236		VVIAGPKUTFNRDU-ABLWVSNPSA-N	low
romaine lettuce head (raw)	Lysine	4236	5962	KDXKERNSBIXSRK-YFKPBYRVSA-N	low
romaine lettuce head (raw)	Leucine	4236	6106	ROHFNLRQFUQHCH-YFKPBYRVSA-N	low
romaine lettuce head (raw)	Phenylalanine	4236	6140	COLNVLDHVKWLRT-QMMMGPOBSA-N	low
romaine lettuce head (raw)	Carotene, beta	4236		OENHQHLEOONYIE-QGWNBGMGSA-N	low
romaine lettuce head (raw)	Valine	4236	6287	KZSNJWFQEVHDMF-BYPYZUCNSA-N	low
romaine lettuce head (raw)	Proline	4236	145742	ONIBWKKTOPOVIA-BYPYZUCNSA-N	low
romaine lettuce head (raw)	Isoleucine	4236	6306	AGPKZVBTJJNPAG-WHFBIAKZSA-N	low
romaine lettuce head (raw)	Aspartic acid	4236	5960	CKLJMWTZIZZHCS-REOHCLBHSA-N	low
romaine lettuce head (raw)	alpha-tocopherol	4236	14985	GVJHHUAWPYXKBD-IEOSBIPESA-N	low
romaine lettuce head (raw)	Glycine	4236	750	DHMQDGOQFOQNFH-UHFFFAOYSA-N	low
romaine lettuce head (raw)	Calcium	4236		OYPRJOBELJOOCE-UHFFFAOYSA-N	low
romaine lettuce head (raw)	Potassium	4236		ZLMJMSJWJFRBEC-UHFFFAOYSA-N	low
romaine lettuce head (raw)	Water	4236	962	XLYOFNOQVPJJNP-UHFFFAOYSA-N	low
romaine lettuce head (raw)	Threonine	4236	6288	AYFVYJQAPQTCCC-GBXIJSLDSA-N	low
romaine lettuce head (raw)	Selenium	4236		BUGBHKTXTAQXES-UHFFFAOYSA-N	low
romaine lettuce head (raw)	Niacin	4236	938	PVNIIMVLHYAWGP-UHFFFAOYSA-N	low
romaine lettuce head (raw)	Tocotrienol, alpha	4236		RZFHLOLGZPDCHJ-UHFFFAOYSA-N	low
romaine lettuce head (raw)	Serine	4236	5951	MTCFGRXMJLQNBG-REOHCLBHSA-N	low
romaine lettuce head (raw)	Tyrosine	4236	6057	OUYCCCASQSFEME-QMMMGPOBSA-N	low
romaine lettuce head (raw)	Pantothenic acid	4236	6613	GHOKWGTUZJEAQD-ZETCQYMHSA-N	low
romaine lettuce head (raw)	Vitamin B-6	4236		ZUFQODAHGAHPFQ-UHFFFAOYSA-N	low
romaine lettuce head (raw)	Glutamic acid	4236	33032	WHUUTDBJXJRKMK-VKHMYHEASA-N	low
romaine lettuce head (raw)	Alanine	4236	5950	QNAYBMKLOCPYGJ-REOHCLBHSA-N	low
romaine lettuce head (raw)	gamma Tocopherol	4236	92729	QUEDXNHFTDJVIY-DQCZWYHMSA-N	low
romaine lettuce head (raw)	Methionine	4236	6137	FFEARJCKVFRZRR-BYPYZUCNSA-N	low
romaine lettuce head (raw)	Histidine	4236	6274	HNDVDQJCIGZPNO-YFKPBYRVSA-N	low
romaine lettuce head (raw)	Glucose	4236		WQZGKKKJIJFFOK-GASJEMHNSA-N	low
romaine lettuce head (raw)	Tryptophan	4236	6305	QIVBCDIJIAJPQS-VIFPVBQESA-N	low
romaine lettuce head (raw)	Arginine	4236	6322	ODKSFYDXXFIFQN-BYPYZUCNSA-N	low
romaine lettuce head (raw)	Cystine	4236		LEVWYRKDKASIDU-UHFFFAOYSA-N	low
cantaloupe (whole, raw)	Water	3656	962	XLYOFNOQVPJJNP-UHFFFAOYSA-N	low
cantaloupe (whole, raw)	Thiamin	3656	1130	JZRWCGZRTZMZEH-UHFFFAOYSA-N	low
cantaloupe (whole, raw)	Leucine	3656	6106	ROHFNLRQFUQHCH-YFKPBYRVSA-N	low
cantaloupe (whole, raw)	Serine	3656	5951	MTCFGRXMJLQNBG-REOHCLBHSA-N	low
cantaloupe (whole, raw)	Glucose	3656		WQZGKKKJIJFFOK-GASJEMHNSA-N	low
cantaloupe (whole, raw)	Magnesium	3656		FYYHWMGAXLPEAU-UHFFFAOYSA-N	low
cantaloupe (whole, raw)	Potassium	3656		ZLMJMSJWJFRBEC-UHFFFAOYSA-N	low
cantaloupe (whole, raw)	Niacin	3656	938	PVNIIMVLHYAWGP-UHFFFAOYSA-N	low
cantaloupe (whole, raw)	Tyrosine	3656	6057	OUYCCCASQSFEME-QMMMGPOBSA-N	low
cantaloupe (whole, raw)	Fructose	3656		LKDRXBCSQODPBY-VRPWFDPXSA-N	low
cantaloupe (whole, raw)	Cystine	3656		LEVWYRKDKASIDU-UHFFFAOYSA-N	low
cantaloupe (whole, raw)	Sucrose	3656	5988	CZMRCDWAGMRECN-UGDNZRGBSA-N	low
cantaloupe (whole, raw)	phylloquinone	3656	5284607	MBWXNTAXLNYFJB-NKFFZRIASA-N	low
cantaloupe (whole, raw)	Maltose	3656		GUBGYTABKSRVRQ-QUYVBRFLSA-N	low
cantaloupe (whole, raw)	Copper	3656		RYGMFSIKBFXOCR-UHFFFAOYSA-N	low
cantaloupe (whole, raw)	Tryptophan	3656	6305	QIVBCDIJIAJPQS-VIFPVBQESA-N	low
cantaloupe (whole, raw)	Lysine	3656	5962	KDXKERNSBIXSRK-YFKPBYRVSA-N	low
cantaloupe (whole, raw)	Iron	3656		XEEYBQQBJWHFJM-UHFFFAOYSA-N	low
cantaloupe (whole, raw)	Aspartic acid	3656	5960	CKLJMWTZIZZHCS-REOHCLBHSA-N	low
cantaloupe (whole, raw)	Sodium	3656		KEAYESYHFKHZAL-UHFFFAOYSA-N	low
cantaloupe (whole, raw)	Pantothenic acid	3656	6613	GHOKWGTUZJEAQD-ZETCQYMHSA-N	low
cantaloupe (whole, raw)	Carotene, beta	3656		OENHQHLEOONYIE-QGWNBGMGSA-N	low
cantaloupe (whole, raw)	Proline	3656	145742	ONIBWKKTOPOVIA-BYPYZUCNSA-N	low
cantaloupe (whole, raw)	Threonine	3656	6288	AYFVYJQAPQTCCC-GBXIJSLDSA-N	low
cantaloupe (whole, raw)	Phenylalanine	3656	6140	COLNVLDHVKWLRT-QMMMGPOBSA-N	low
cantaloupe (whole, raw)	Riboflavin	3656	493570	AUNGANRZJHBGPY-SCRDCRAPSA-N	low
cantaloupe (whole, raw)	Glutamic acid	3656	33032	WHUUTDBJXJRKMK-VKHMYHEASA-N	low
cantaloupe (whole, raw)	Valine	3656	6287	KZSNJWFQEVHDMF-BYPYZUCNSA-N	low
cantaloupe (whole, raw)	Methionine	3656	6137	FFEARJCKVFRZRR-BYPYZUCNSA-N	low
cantaloupe (whole, raw)	Arginine	3656	6322	ODKSFYDXXFIFQN-BYPYZUCNSA-N	low
cantaloupe (whole, raw)	Glycine	3656	750	DHMQDGOQFOQNFH-UHFFFAOYSA-N	low
cantaloupe (whole, raw)	Isoleucine	3656	6306	AGPKZVBTJJNPAG-WHFBIAKZSA-N	low
cantaloupe (whole, raw)	Nitrogen	3656	947	IJGRMHOSHXDMSA-UHFFFAOYSA-N	low
cantaloupe (whole, raw)	Calcium	3656		OYPRJOBELJOOCE-UHFFFAOYSA-N	low
cantaloupe (whole, raw)	Selenium	3656		BUGBHKTXTAQXES-UHFFFAOYSA-N	low
cantaloupe (whole, raw)	Vitamin B-6	3656		ZUFQODAHGAHPFQ-UHFFFAOYSA-N	low
cantaloupe (whole, raw)	Manganese	3656		PWHULOQIROXLJO-UHFFFAOYSA-N	low
cantaloupe (whole, raw)	Histidine	3656	6274	HNDVDQJCIGZPNO-YFKPBYRVSA-N	low
cantaloupe (whole, raw)	Galactose	3656		WQZGKKKJIJFFOK-SVZMEOIVSA-N	low
cantaloupe (whole, raw)	Alanine	3656	5950	QNAYBMKLOCPYGJ-REOHCLBHSA-N	low
navel orange (whole, raw)	Alanine	2711	5950	QNAYBMKLOCPYGJ-REOHCLBHSA-N	low
navel orange (whole, raw)	Cystine	2711		LEVWYRKDKASIDU-UHFFFAOYSA-N	low
navel orange (whole, raw)	Copper	2711		RYGMFSIKBFXOCR-UHFFFAOYSA-N	low
navel orange (whole, raw)	Phenylalanine	2711	6140	COLNVLDHVKWLRT-QMMMGPOBSA-N	low
navel orange (whole, raw)	Valine	2711	6287	KZSNJWFQEVHDMF-BYPYZUCNSA-N	low
navel orange (whole, raw)	Iron	2711		XEEYBQQBJWHFJM-UHFFFAOYSA-N	low
navel orange (whole, raw)	Threonine	2711	6288	AYFVYJQAPQTCCC-GBXIJSLDSA-N	low
navel orange (whole, raw)	Serine	2711	5951	MTCFGRXMJLQNBG-REOHCLBHSA-N	low
navel orange (whole, raw)	Sucrose	2711	5988	CZMRCDWAGMRECN-UGDNZRGBSA-N	low
navel orange (whole, raw)	Aspartic acid	2711	5960	CKLJMWTZIZZHCS-REOHCLBHSA-N	low
navel orange (whole, raw)	Magnesium	2711		FYYHWMGAXLPEAU-UHFFFAOYSA-N	low
navel orange (whole, raw)	Manganese	2711		PWHULOQIROXLJO-UHFFFAOYSA-N	low
navel orange (whole, raw)	Calcium	2711		OYPRJOBELJOOCE-UHFFFAOYSA-N	low
navel orange (whole, raw)	Riboflavin	2711	493570	AUNGANRZJHBGPY-SCRDCRAPSA-N	low
navel orange (whole, raw)	Fructose	2711		LKDRXBCSQODPBY-VRPWFDPXSA-N	low
navel orange (whole, raw)	Glycine	2711	750	DHMQDGOQFOQNFH-UHFFFAOYSA-N	low
navel orange (whole, raw)	Glutamic acid	2711	33032	WHUUTDBJXJRKMK-VKHMYHEASA-N	low
navel orange (whole, raw)	Vitamin B-6	2711		ZUFQODAHGAHPFQ-UHFFFAOYSA-N	low
navel orange (whole, raw)	Nitrogen	2711	947	IJGRMHOSHXDMSA-UHFFFAOYSA-N	low
navel orange (whole, raw)	Isoleucine	2711	6306	AGPKZVBTJJNPAG-WHFBIAKZSA-N	low
navel orange (whole, raw)	Tryptophan	2711	6305	QIVBCDIJIAJPQS-VIFPVBQESA-N	low
navel orange (whole, raw)	Histidine	2711	6274	HNDVDQJCIGZPNO-YFKPBYRVSA-N	low
navel orange (whole, raw)	Proline	2711	145742	ONIBWKKTOPOVIA-BYPYZUCNSA-N	low
navel orange (whole, raw)	Water	2711	962	XLYOFNOQVPJJNP-UHFFFAOYSA-N	low
navel orange (whole, raw)	Methionine	2711	6137	FFEARJCKVFRZRR-BYPYZUCNSA-N	low
navel orange (whole, raw)	Arginine	2711	6322	ODKSFYDXXFIFQN-BYPYZUCNSA-N	low
navel orange (whole, raw)	Niacin	2711	938	PVNIIMVLHYAWGP-UHFFFAOYSA-N	low
navel orange (whole, raw)	Leucine	2711	6106	ROHFNLRQFUQHCH-YFKPBYRVSA-N	low
navel orange (whole, raw)	Tyrosine	2711	6057	OUYCCCASQSFEME-QMMMGPOBSA-N	low
navel orange (whole, raw)	Glucose	2711		WQZGKKKJIJFFOK-GASJEMHNSA-N	low
navel orange (whole, raw)	Sodium	2711		KEAYESYHFKHZAL-UHFFFAOYSA-N	low
navel orange (whole, raw)	Potassium	2711		ZLMJMSJWJFRBEC-UHFFFAOYSA-N	low
navel orange (whole, raw)	Lysine	2711	5962	KDXKERNSBIXSRK-YFKPBYRVSA-N	low
navel orange (whole, raw)	Thiamin	2711	1130	JZRWCGZRTZMZEH-UHFFFAOYSA-N	low
navel orange (whole, raw)	Pantothenic acid	2711	6613	GHOKWGTUZJEAQD-ZETCQYMHSA-N	low
Williams pear (whole, raw)	Fructose	23211		LKDRXBCSQODPBY-VRPWFDPXSA-N	low
Williams pear (whole, raw)	Leucine	23211	6106	ROHFNLRQFUQHCH-YFKPBYRVSA-N	low
Williams pear (whole, raw)	Tryptophan	23211	6305	QIVBCDIJIAJPQS-VIFPVBQESA-N	low
Williams pear (whole, raw)	Proline	23211	145742	ONIBWKKTOPOVIA-BYPYZUCNSA-N	low
Williams pear (whole, raw)	Glucose	23211		WQZGKKKJIJFFOK-GASJEMHNSA-N	low
Williams pear (whole, raw)	Calcium	23211		OYPRJOBELJOOCE-UHFFFAOYSA-N	low
Williams pear (whole, raw)	Glutamic acid	23211	33032	WHUUTDBJXJRKMK-VKHMYHEASA-N	low
Williams pear (whole, raw)	Alanine	23211	5950	QNAYBMKLOCPYGJ-REOHCLBHSA-N	low
Williams pear (whole, raw)	Aspartic acid	23211	5960	CKLJMWTZIZZHCS-REOHCLBHSA-N	low
Williams pear (whole, raw)	Lysine	23211	5962	KDXKERNSBIXSRK-YFKPBYRVSA-N	low
Williams pear (whole, raw)	Methionine	23211	6137	FFEARJCKVFRZRR-BYPYZUCNSA-N	low
Williams pear (whole, raw)	Isoleucine	23211	6306	AGPKZVBTJJNPAG-WHFBIAKZSA-N	low
Williams pear (whole, raw)	Carotene, beta	23211		OENHQHLEOONYIE-QGWNBGMGSA-N	low
Williams pear (whole, raw)	phylloquinone	23211	5284607	MBWXNTAXLNYFJB-NKFFZRIASA-N	low
Williams pear (whole, raw)	Copper	23211		RYGMFSIKBFXOCR-UHFFFAOYSA-N	low
Williams pear (whole, raw)	Glycine	23211	750	DHMQDGOQFOQNFH-UHFFFAOYSA-N	low
Williams pear (whole, raw)	Sucrose	23211	5988	CZMRCDWAGMRECN-UGDNZRGBSA-N	low
Williams pear (whole, raw)	beta Cryptoxanthin	23211	5281235	DMASLKHVQRHNES-FKKUPVFPSA-N	low
Williams pear (whole, raw)	Iron	23211		XEEYBQQBJWHFJM-UHFFFAOYSA-N	low
Williams pear (whole, raw)	Potassium	23211		ZLMJMSJWJFRBEC-UHFFFAOYSA-N	low
Williams pear (whole, raw)	Sodium	23211		KEAYESYHFKHZAL-UHFFFAOYSA-N	low
Williams pear (whole, raw)	Arginine	23211	6322	ODKSFYDXXFIFQN-BYPYZUCNSA-N	low
Williams pear (whole, raw)	Serine	23211	5951	MTCFGRXMJLQNBG-REOHCLBHSA-N	low
Williams pear (whole, raw)	Threonine	23211	6288	AYFVYJQAPQTCCC-GBXIJSLDSA-N	low
Williams pear (whole, raw)	Pantothenic acid	23211	6613	GHOKWGTUZJEAQD-ZETCQYMHSA-N	low
Williams pear (whole, raw)	Tyrosine	23211	6057	OUYCCCASQSFEME-QMMMGPOBSA-N	low
Williams pear (whole, raw)	Vitamin B-6	23211		ZUFQODAHGAHPFQ-UHFFFAOYSA-N	low
Williams pear (whole, raw)	Manganese	23211		PWHULOQIROXLJO-UHFFFAOYSA-N	low
Williams pear (whole, raw)	Histidine	23211	6274	HNDVDQJCIGZPNO-YFKPBYRVSA-N	low
Williams pear (whole, raw)	Phenylalanine	23211	6140	COLNVLDHVKWLRT-QMMMGPOBSA-N	low
Williams pear (whole, raw)	Valine	23211	6287	KZSNJWFQEVHDMF-BYPYZUCNSA-N	low
Williams pear (whole, raw)	Nitrogen	23211	947	IJGRMHOSHXDMSA-UHFFFAOYSA-N	low
Williams pear (whole, raw)	Magnesium	23211		FYYHWMGAXLPEAU-UHFFFAOYSA-N	low
Williams pear (whole, raw)	Thiamin	23211	1130	JZRWCGZRTZMZEH-UHFFFAOYSA-N	low
Williams pear (whole, raw)	Niacin	23211	938	PVNIIMVLHYAWGP-UHFFFAOYSA-N	low
Williams pear (whole, raw)	Water	23211	962	XLYOFNOQVPJJNP-UHFFFAOYSA-N	low
Williams pear (whole, raw)	Cystine	23211		LEVWYRKDKASIDU-UHFFFAOYSA-N	low
Williams pear (whole, raw)	Riboflavin	23211	493570	AUNGANRZJHBGPY-SCRDCRAPSA-N	low
Williams pear (whole, raw)	Selenium	23211		BUGBHKTXTAQXES-UHFFFAOYSA-N	low
turkey (ground or minced)	Vitamin B-6	9102		ZUFQODAHGAHPFQ-UHFFFAOYSA-N	low
turkey (ground or minced)	Riboflavin	9102	493570	AUNGANRZJHBGPY-SCRDCRAPSA-N	low
turkey (ground or minced)	alpha-tocopherol	9102	14985	GVJHHUAWPYXKBD-IEOSBIPESA-N	low
turkey (ground or minced)	Calcium	9102		OYPRJOBELJOOCE-UHFFFAOYSA-N	low
turkey (ground or minced)	Niacin	9102	938	PVNIIMVLHYAWGP-UHFFFAOYSA-N	low
turkey (ground or minced)	Tocotrienol, alpha	9102		RZFHLOLGZPDCHJ-UHFFFAOYSA-N	low
turkey (ground or minced)	Vitamin B-12	9102		FDJOLVPMNUYSCM-WZHZPDAFSA-L	low
turkey (ground or minced)	Potassium	9102		ZLMJMSJWJFRBEC-UHFFFAOYSA-N	low
turkey (ground or minced)	Water	9102	962	XLYOFNOQVPJJNP-UHFFFAOYSA-N	low
turkey (ground or minced)	Magnesium	9102		FYYHWMGAXLPEAU-UHFFFAOYSA-N	low
turkey (ground or minced)	Thiamin	9102	1130	JZRWCGZRTZMZEH-UHFFFAOYSA-N	low
turkey (ground or minced)	Selenium	9102		BUGBHKTXTAQXES-UHFFFAOYSA-N	low
turkey (ground or minced)	Nitrogen	9102	947	IJGRMHOSHXDMSA-UHFFFAOYSA-N	low
turkey (ground or minced)	Iron	9102		XEEYBQQBJWHFJM-UHFFFAOYSA-N	low
turkey (ground or minced)	Copper	9102		RYGMFSIKBFXOCR-UHFFFAOYSA-N	low
turkey (ground or minced)	Sodium	9102		KEAYESYHFKHZAL-UHFFFAOYSA-N	low
turkey (ground or minced)	gamma Tocopherol	9102	92729	QUEDXNHFTDJVIY-DQCZWYHMSA-N	low
turkey (ground or minced)	delta Tocopherol	9102	92094	GZIFEOYASATJEH-VHFRWLAGSA-N	low
turkey (ground or minced)	Retinol	9102	445354	FPIPGXGPPPQFEQ-OVSJKPMPSA-N	low
turkey (ground or minced)	gamma Tocotrienol	9102	5282349	OTXNTMVVOOBZCV-WAZJVIJMSA-N	low
turkey (ground or minced)	Pantothenic acid	9102	6613	GHOKWGTUZJEAQD-ZETCQYMHSA-N	low
turkey (ground or minced)	Manganese	9102		PWHULOQIROXLJO-UHFFFAOYSA-N	low
turkey (ground or minced)	Cholesterol	9102	5997	HVYWMOMLDIMFJA-DPAQBDIFSA-N	low
turkey (ground or minced)	beta Tocopherol	9102	6857447	WGVKWNUPNGFDFJ-DQCZWYHMSA-N	low
turkey (ground or minced)	Betaine	9102		KWIUHFFTVRNATP-UHFFFAOYSA-N	low
light red kidney bean (whole)	Potassium	3885		ZLMJMSJWJFRBEC-UHFFFAOYSA-N	low
light red kidney bean (whole)	Nickel	3885		PXHVJJICTQNCMI-UHFFFAOYSA-N	low
light red kidney bean (whole)	Molybdenum	3885		ZOKXTWBITQBERF-UHFFFAOYSA-N	low
light red kidney bean (whole)	Magnesium	3885		FYYHWMGAXLPEAU-UHFFFAOYSA-N	low
light red kidney bean (whole)	Cobalt	3885		GUTLYIVDDKVIGB-UHFFFAOYSA-N	low
light red kidney bean (whole)	Boron	3885		ZOXJGFHDIHLPTG-UHFFFAOYSA-N	low
light red kidney bean (whole)	Calcium	3885		OYPRJOBELJOOCE-UHFFFAOYSA-N	low
light red kidney bean (whole)	Manganese	3885		PWHULOQIROXLJO-UHFFFAOYSA-N	low
light red kidney bean (whole)	Iron	3885		XEEYBQQBJWHFJM-UHFFFAOYSA-N	low
light red kidney bean (whole)	Sulfur	3885		NINIDFKCEFEMDL-UHFFFAOYSA-N	low
light red kidney bean (whole)	Copper	3885		RYGMFSIKBFXOCR-UHFFFAOYSA-N	low
dark red kidney bean (whole)	Nickel	3885		PXHVJJICTQNCMI-UHFFFAOYSA-N	low
dark red kidney bean (whole)	Boron	3885		ZOXJGFHDIHLPTG-UHFFFAOYSA-N	low
dark red kidney bean (whole)	Cobalt	3885		GUTLYIVDDKVIGB-UHFFFAOYSA-N	low
dark red kidney bean (whole)	Copper	3885		RYGMFSIKBFXOCR-UHFFFAOYSA-N	low
dark red kidney bean (whole)	Molybdenum	3885		ZOKXTWBITQBERF-UHFFFAOYSA-N	low
dark red kidney bean (whole)	Potassium	3885		ZLMJMSJWJFRBEC-UHFFFAOYSA-N	low
dark red kidney bean (whole)	Calcium	3885		OYPRJOBELJOOCE-UHFFFAOYSA-N	low
dark red kidney bean (whole)	Magnesium	3885		FYYHWMGAXLPEAU-UHFFFAOYSA-N	low
dark red kidney bean (whole)	Iron	3885		XEEYBQQBJWHFJM-UHFFFAOYSA-N	low
dark red kidney bean (whole)	Sulfur	3885		NINIDFKCEFEMDL-UHFFFAOYSA-N	low
dark red kidney bean (whole)	Manganese	3885		PWHULOQIROXLJO-UHFFFAOYSA-N	low
great northern bean (whole)	Iron	3885		XEEYBQQBJWHFJM-UHFFFAOYSA-N	low
great northern bean (whole)	Sulfur	3885		NINIDFKCEFEMDL-UHFFFAOYSA-N	low
great northern bean (whole)	Calcium	3885		OYPRJOBELJOOCE-UHFFFAOYSA-N	low
great northern bean (whole)	Nickel	3885		PXHVJJICTQNCMI-UHFFFAOYSA-N	low
great northern bean (whole)	Copper	3885		RYGMFSIKBFXOCR-UHFFFAOYSA-N	low
great northern bean (whole)	Molybdenum	3885		ZOKXTWBITQBERF-UHFFFAOYSA-N	low
great northern bean (whole)	Boron	3885		ZOXJGFHDIHLPTG-UHFFFAOYSA-N	low
great northern bean (whole)	Potassium	3885		ZLMJMSJWJFRBEC-UHFFFAOYSA-N	low
great northern bean (whole)	Manganese	3885		PWHULOQIROXLJO-UHFFFAOYSA-N	low
great northern bean (whole)	Cobalt	3885		GUTLYIVDDKVIGB-UHFFFAOYSA-N	low
great northern bean (whole)	Magnesium	3885		FYYHWMGAXLPEAU-UHFFFAOYSA-N	low
broccoli floret (whole, raw)	Sodium	3712		KEAYESYHFKHZAL-UHFFFAOYSA-N	low
broccoli floret (whole, raw)	Iron	3712		XEEYBQQBJWHFJM-UHFFFAOYSA-N	low
broccoli floret (whole, raw)	Calcium	3712		OYPRJOBELJOOCE-UHFFFAOYSA-N	low
broccoli floret (whole, raw)	Lysine	3712	5962	KDXKERNSBIXSRK-YFKPBYRVSA-N	low
broccoli floret (whole, raw)	Histidine	3712	6274	HNDVDQJCIGZPNO-YFKPBYRVSA-N	low
broccoli floret (whole, raw)	Nitrogen	3712	947	IJGRMHOSHXDMSA-UHFFFAOYSA-N	low
broccoli floret (whole, raw)	Selenium	3712		BUGBHKTXTAQXES-UHFFFAOYSA-N	low
broccoli floret (whole, raw)	Phenylalanine	3712	6140	COLNVLDHVKWLRT-QMMMGPOBSA-N	low
broccoli floret (whole, raw)	Tyrosine	3712	6057	OUYCCCASQSFEME-QMMMGPOBSA-N	low
broccoli floret (whole, raw)	Leucine	3712	6106	ROHFNLRQFUQHCH-YFKPBYRVSA-N	low
broccoli floret (whole, raw)	phylloquinone	3712	5284607	MBWXNTAXLNYFJB-NKFFZRIASA-N	low
broccoli floret (whole, raw)	Isoleucine	3712	6306	AGPKZVBTJJNPAG-WHFBIAKZSA-N	low
broccoli floret (whole, raw)	Water	3712	962	XLYOFNOQVPJJNP-UHFFFAOYSA-N	low
broccoli floret (whole, raw)	Thiamin	3712	1130	JZRWCGZRTZMZEH-UHFFFAOYSA-N	low
broccoli floret (whole, raw)	Tocotrienol, alpha	3712		RZFHLOLGZPDCHJ-UHFFFAOYSA-N	low
broccoli floret (whole, raw)	Glucose	3712		WQZGKKKJIJFFOK-GASJEMHNSA-N	low
broccoli floret (whole, raw)	Arginine	3712	6322	ODKSFYDXXFIFQN-BYPYZUCNSA-N	low
broccoli floret (whole, raw)	Valine	3712	6287	KZSNJWFQEVHDMF-BYPYZUCNSA-N	low
broccoli floret (whole, raw)	Methionine	3712	6137	FFEARJCKVFRZRR-BYPYZUCNSA-N	low
broccoli floret (whole, raw)	Glycine	3712	750	DHMQDGOQFOQNFH-UHFFFAOYSA-N	low
broccoli floret (whole, raw)	Vitamin B-6	3712		ZUFQODAHGAHPFQ-UHFFFAOYSA-N	low
broccoli floret (whole, raw)	Magnesium	3712		FYYHWMGAXLPEAU-UHFFFAOYSA-N	low
broccoli floret (whole, raw)	Cystine	3712		LEVWYRKDKASIDU-UHFFFAOYSA-N	low
broccoli floret (whole, raw)	Riboflavin	3712	493570	AUNGANRZJHBGPY-SCRDCRAPSA-N	low
broccoli floret (whole, raw)	Copper	3712		RYGMFSIKBFXOCR-UHFFFAOYSA-N	low
broccoli floret (whole, raw)	Potassium	3712		ZLMJMSJWJFRBEC-UHFFFAOYSA-N	low
broccoli floret (whole, raw)	alpha-tocopherol	3712	14985	GVJHHUAWPYXKBD-IEOSBIPESA-N	low
broccoli floret (whole, raw)	Sucrose	3712	5988	CZMRCDWAGMRECN-UGDNZRGBSA-N	low
broccoli floret (whole, raw)	gamma Tocopherol	3712	92729	QUEDXNHFTDJVIY-DQCZWYHMSA-N	low
broccoli floret (whole, raw)	Serine	3712	5951	MTCFGRXMJLQNBG-REOHCLBHSA-N	low
broccoli floret (whole, raw)	Aspartic acid	3712	5960	CKLJMWTZIZZHCS-REOHCLBHSA-N	low
broccoli floret (whole, raw)	Proline	3712	145742	ONIBWKKTOPOVIA-BYPYZUCNSA-N	low
broccoli floret (whole, raw)	Niacin	3712	938	PVNIIMVLHYAWGP-UHFFFAOYSA-N	low
broccoli floret (whole, raw)	Pantothenic acid	3712	6613	GHOKWGTUZJEAQD-ZETCQYMHSA-N	low
broccoli floret (whole, raw)	Tryptophan	3712	6305	QIVBCDIJIAJPQS-VIFPVBQESA-N	low
broccoli floret (whole, raw)	Manganese	3712		PWHULOQIROXLJO-UHFFFAOYSA-N	low
broccoli floret (whole, raw)	Fructose	3712		LKDRXBCSQODPBY-VRPWFDPXSA-N	low
broccoli floret (whole, raw)	Alanine	3712	5950	QNAYBMKLOCPYGJ-REOHCLBHSA-N	low
broccoli floret (whole, raw)	Threonine	3712	6288	AYFVYJQAPQTCCC-GBXIJSLDSA-N	low
broccoli floret (whole, raw)	Carotene, beta	3712		OENHQHLEOONYIE-QGWNBGMGSA-N	low
broccoli floret (whole, raw)	Glutamic acid	3712	33032	WHUUTDBJXJRKMK-VKHMYHEASA-N	low
hen egg white (raw)	Riboflavin	9031	493570	AUNGANRZJHBGPY-SCRDCRAPSA-N	low
hen egg white (raw)	Glutamic acid	9031	33032	WHUUTDBJXJRKMK-VKHMYHEASA-N	low
hen egg white (raw)	Cysteine	9031	5862	XUJNEKJLAYXESH-REOHCLBHSA-N	low
hen egg white (raw)	Leucine	9031	6106	ROHFNLRQFUQHCH-YFKPBYRVSA-N	low
hen egg white (raw)	Alanine	9031	5950	QNAYBMKLOCPYGJ-REOHCLBHSA-N	low
hen egg white (raw)	Water	9031	962	XLYOFNOQVPJJNP-UHFFFAOYSA-N	low
hen egg white (raw)	Tryptophan	9031	6305	QIVBCDIJIAJPQS-VIFPVBQESA-N	low
hen egg white (raw)	Selenium	9031		BUGBHKTXTAQXES-UHFFFAOYSA-N	low
hen egg white (raw)	Aspartic acid	9031	5960	CKLJMWTZIZZHCS-REOHCLBHSA-N	low
hen egg white (raw)	Nitrogen	9031	947	IJGRMHOSHXDMSA-UHFFFAOYSA-N	low
hen egg white (raw)	Lysine	9031	5962	KDXKERNSBIXSRK-YFKPBYRVSA-N	low
hen egg white (raw)	Valine	9031	6287	KZSNJWFQEVHDMF-BYPYZUCNSA-N	low
hen egg white (raw)	Threonine	9031	6288	AYFVYJQAPQTCCC-GBXIJSLDSA-N	low
hen egg white (raw)	Tyrosine	9031	6057	OUYCCCASQSFEME-QMMMGPOBSA-N	low
hen egg white (raw)	Arginine	9031	6322	ODKSFYDXXFIFQN-BYPYZUCNSA-N	low
hen egg white (raw)	Glycine	9031	750	DHMQDGOQFOQNFH-UHFFFAOYSA-N	low
hen egg white (raw)	Proline	9031	145742	ONIBWKKTOPOVIA-BYPYZUCNSA-N	low
hen egg white (raw)	Histidine	9031	6274	HNDVDQJCIGZPNO-YFKPBYRVSA-N	low
hen egg white (raw)	Phenylalanine	9031	6140	COLNVLDHVKWLRT-QMMMGPOBSA-N	low
hen egg white (raw)	Serine	9031	5951	MTCFGRXMJLQNBG-REOHCLBHSA-N	low
hen egg white (raw)	Methionine	9031	6137	FFEARJCKVFRZRR-BYPYZUCNSA-N	low
hen egg white (raw)	Isoleucine	9031	6306	AGPKZVBTJJNPAG-WHFBIAKZSA-N	low
hen egg yolk (raw)	Glutamic acid	9031	33032	WHUUTDBJXJRKMK-VKHMYHEASA-N	low
hen egg yolk (raw)	Proline	9031	145742	ONIBWKKTOPOVIA-BYPYZUCNSA-N	low
hen egg yolk (raw)	Tryptophan	9031	6305	QIVBCDIJIAJPQS-VIFPVBQESA-N	low
hen egg yolk (raw)	Lysine	9031	5962	KDXKERNSBIXSRK-YFKPBYRVSA-N	low
hen egg yolk (raw)	Selenium	9031		BUGBHKTXTAQXES-UHFFFAOYSA-N	low
hen egg yolk (raw)	Valine	9031	6287	KZSNJWFQEVHDMF-BYPYZUCNSA-N	low
hen egg yolk (raw)	gamma Tocopherol	9031	92729	QUEDXNHFTDJVIY-DQCZWYHMSA-N	low
hen egg yolk (raw)	Tocotrienol, alpha	9031		RZFHLOLGZPDCHJ-UHFFFAOYSA-N	low
hen egg yolk (raw)	Arginine	9031	6322	ODKSFYDXXFIFQN-BYPYZUCNSA-N	low
hen egg yolk (raw)	Nitrogen	9031	947	IJGRMHOSHXDMSA-UHFFFAOYSA-N	low
hen egg yolk (raw)	Serine	9031	5951	MTCFGRXMJLQNBG-REOHCLBHSA-N	low
hen egg yolk (raw)	Biotin	9031	171548	YBJHBAHKTGYVGT-ZKWXMUAHSA-N	low
hen egg yolk (raw)	Alanine	9031	5950	QNAYBMKLOCPYGJ-REOHCLBHSA-N	low
hen egg yolk (raw)	Riboflavin	9031	493570	AUNGANRZJHBGPY-SCRDCRAPSA-N	low
hen egg yolk (raw)	Zeaxanthin	9031	5280899	JKQXZKUSFCKOGQ-QAYBQHTQSA-N	low
hen egg yolk (raw)	beta Tocopherol	9031	6857447	WGVKWNUPNGFDFJ-DQCZWYHMSA-N	low
hen egg yolk (raw)	Glycine	9031	750	DHMQDGOQFOQNFH-UHFFFAOYSA-N	low
hen egg yolk (raw)	Cysteine	9031	5862	XUJNEKJLAYXESH-REOHCLBHSA-N	low
hen egg yolk (raw)	gamma Tocotrienol	9031	5282349	OTXNTMVVOOBZCV-WAZJVIJMSA-N	low
hen egg yolk (raw)	delta Tocopherol	9031	92094	GZIFEOYASATJEH-VHFRWLAGSA-N	low
hen egg yolk (raw)	Tyrosine	9031	6057	OUYCCCASQSFEME-QMMMGPOBSA-N	low
hen egg yolk (raw)	Leucine	9031	6106	ROHFNLRQFUQHCH-YFKPBYRVSA-N	low
hen egg yolk (raw)	Histidine	9031	6274	HNDVDQJCIGZPNO-YFKPBYRVSA-N	low
hen egg yolk (raw)	trans-Lycopene	9031	446925	OAIJSZIZWZSQBC-GYZMGTAESA-N	low
hen egg yolk (raw)	Phenylalanine	9031	6140	COLNVLDHVKWLRT-QMMMGPOBSA-N	low
hen egg yolk (raw)	Lutein	9031	5281243	KBPHJBAIARWVSC-RGZFRNHPSA-N	low
hen egg yolk (raw)	Threonine	9031	6288	AYFVYJQAPQTCCC-GBXIJSLDSA-N	low
hen egg yolk (raw)	Methionine	9031	6137	FFEARJCKVFRZRR-BYPYZUCNSA-N	low
hen egg yolk (raw)	Aspartic acid	9031	5960	CKLJMWTZIZZHCS-REOHCLBHSA-N	low
hen egg yolk (raw)	Isoleucine	9031	6306	AGPKZVBTJJNPAG-WHFBIAKZSA-N	low
hen egg yolk (raw)	Water	9031	962	XLYOFNOQVPJJNP-UHFFFAOYSA-N	low
hen egg yolk (raw)	alpha-tocopherol	9031	14985	GVJHHUAWPYXKBD-IEOSBIPESA-N	low
hen egg yolk (raw)	Zeaxanthin	9031	5280899	JKQXZKUSFCKOGQ-QAYBQHTQSA-N	low
hen egg yolk (raw)	Lycopene	9031	446925	OAIJSZIZWZSQBC-GYZMGTAESA-N	low
canola oil	Tocotrienol, beta	3708		FGYKUFVNYVMTAM-WAZJVIJMSA-N	low
canola oil	Brassicasterol	3708	5281327	OILXMJHPFNGGTO-ZAUYPBDWSA-N	low
canola oil	alpha-tocopherol	3708	14985	GVJHHUAWPYXKBD-IEOSBIPESA-N	low
canola oil	Stigmasterol	3708	5280794	HCXVJBMSMIARIN-PHZDYDNGSA-N	low
canola oil	delta Tocopherol	3708	92094	GZIFEOYASATJEH-VHFRWLAGSA-N	low
canola oil	Beta-sitosterol	3708	222284	KZJWDPNRJALLNS-VJSFXXLFSA-N	low
canola oil	Delta-5-avenasterol	3708		OSELKOCHBMDKEJ-APCSMPPYSA-N	low
canola oil	gamma Tocopherol	3708	92729	QUEDXNHFTDJVIY-DQCZWYHMSA-N	low
canola oil	Campesterol	3708	173183	SGNBVLSWZMBQTH-PODYLUTMSA-N	low
corn oil	Tocotrienol, beta	4577		FGYKUFVNYVMTAM-WAZJVIJMSA-N	low
corn oil	Campestanol	4577		ARYTXMNEANMLMU-ATEDBJNTSA-N	low
corn oil	gamma Tocopherol	4577	92729	QUEDXNHFTDJVIY-DQCZWYHMSA-N	low
corn oil	Brassicasterol	4577	5281327	OILXMJHPFNGGTO-ZAUYPBDWSA-N	low
corn oil	Beta-sitosterol	4577	222284	KZJWDPNRJALLNS-VJSFXXLFSA-N	low
corn oil	delta Tocopherol	4577	92094	GZIFEOYASATJEH-VHFRWLAGSA-N	low
corn oil	Delta-5-avenasterol	4577		OSELKOCHBMDKEJ-APCSMPPYSA-N	low
corn oil	beta Tocopherol	4577	6857447	WGVKWNUPNGFDFJ-DQCZWYHMSA-N	low
corn oil	gamma Tocotrienol	4577	5282349	OTXNTMVVOOBZCV-WAZJVIJMSA-N	low
corn oil	alpha-tocopherol	4577	14985	GVJHHUAWPYXKBD-IEOSBIPESA-N	low
corn oil	Stigmasterol	4577	5280794	HCXVJBMSMIARIN-PHZDYDNGSA-N	low
corn oil	Tocotrienol, alpha	4577		RZFHLOLGZPDCHJ-UHFFFAOYSA-N	low
corn oil	Campesterol	4577	173183	SGNBVLSWZMBQTH-PODYLUTMSA-N	low
corn oil	Beta-sitostanol	4577		LGJMUZUPVCAVPU-HRJGVYIJSA-N	low
soybean oil	Beta-sitostanol	3847		LGJMUZUPVCAVPU-HRJGVYIJSA-N	low
soybean oil	Campesterol	3847	173183	SGNBVLSWZMBQTH-PODYLUTMSA-N	low
soybean oil	gamma Tocopherol	3847	92729	QUEDXNHFTDJVIY-DQCZWYHMSA-N	low
soybean oil	alpha-tocopherol	3847	14985	GVJHHUAWPYXKBD-IEOSBIPESA-N	low
soybean oil	Delta-5-avenasterol	3847		OSELKOCHBMDKEJ-APCSMPPYSA-N	low
soybean oil	Tocotrienol, beta	3847		FGYKUFVNYVMTAM-WAZJVIJMSA-N	low
soybean oil	Campestanol	3847		ARYTXMNEANMLMU-ATEDBJNTSA-N	low
soybean oil	Stigmasterol	3847	5280794	HCXVJBMSMIARIN-PHZDYDNGSA-N	low
soybean oil	delta Tocopherol	3847	92094	GZIFEOYASATJEH-VHFRWLAGSA-N	low
soybean oil	beta Tocopherol	3847	6857447	WGVKWNUPNGFDFJ-DQCZWYHMSA-N	low
soybean oil	Beta-sitosterol	3847	222284	KZJWDPNRJALLNS-VJSFXXLFSA-N	low
olive oil (extra-virgin)	Campesterol	4146	173183	SGNBVLSWZMBQTH-PODYLUTMSA-N	low
olive oil (extra-virgin)	Delta-5-avenasterol	4146		OSELKOCHBMDKEJ-APCSMPPYSA-N	low
olive oil (extra-virgin)	Beta-sitosterol	4146	222284	KZJWDPNRJALLNS-VJSFXXLFSA-N	low
olive oil (extra-virgin)	Beta-sitostanol	4146		LGJMUZUPVCAVPU-HRJGVYIJSA-N	low
olive oil (extra-virgin)	Stigmasterol	4146	5280794	HCXVJBMSMIARIN-PHZDYDNGSA-N	low
hen egg (whole)	Iodine	9031	807	PNDPGZBMCMUPRI-UHFFFAOYSA-N	low
hen egg (whole)	Retinol	9031	445354	FPIPGXGPPPQFEQ-OVSJKPMPSA-N	low
hen egg (whole)	Zeaxanthin	9031	5280899	JKQXZKUSFCKOGQ-QAYBQHTQSA-N	low
hen egg (whole)	beta Cryptoxanthin	9031	5281235	DMASLKHVQRHNES-FKKUPVFPSA-N	low
hen egg (whole)	Calcium	9031		OYPRJOBELJOOCE-UHFFFAOYSA-N	low
hen egg (whole)	Nitrogen	9031	947	IJGRMHOSHXDMSA-UHFFFAOYSA-N	low
hen egg (whole)	Vitamin B-6	9031		ZUFQODAHGAHPFQ-UHFFFAOYSA-N	low
hen egg (whole)	Alanine	9031	5950	QNAYBMKLOCPYGJ-REOHCLBHSA-N	low
hen egg (whole)	Iron	9031		XEEYBQQBJWHFJM-UHFFFAOYSA-N	low
hen egg (whole)	Betaine	9031		KWIUHFFTVRNATP-UHFFFAOYSA-N	low
hen egg (whole)	Serine	9031	5951	MTCFGRXMJLQNBG-REOHCLBHSA-N	low
hen egg (whole)	Cholesterol	9031	5997	HVYWMOMLDIMFJA-DPAQBDIFSA-N	low
hen egg (whole)	Thiamin	9031	1130	JZRWCGZRTZMZEH-UHFFFAOYSA-N	low
hen egg (whole)	Glucose	9031		WQZGKKKJIJFFOK-GASJEMHNSA-N	low
hen egg (whole)	Cysteine	9031	5862	XUJNEKJLAYXESH-REOHCLBHSA-N	low
hen egg (whole)	Glycine	9031	750	DHMQDGOQFOQNFH-UHFFFAOYSA-N	low
hen egg (whole)	Aspartic acid	9031	5960	CKLJMWTZIZZHCS-REOHCLBHSA-N	low
hen egg (whole)	Isoleucine	9031	6306	AGPKZVBTJJNPAG-WHFBIAKZSA-N	low
hen egg (whole)	Zeaxanthin	9031	5280899	JKQXZKUSFCKOGQ-QAYBQHTQSA-N	low
hen egg (whole)	Vitamin D3 (cholecalciferol)	9031	5280795	QYSXJUFSXHHAJI-YRZJJWOYSA-N	low
hen egg (whole)	Phenylalanine	9031	6140	COLNVLDHVKWLRT-QMMMGPOBSA-N	low
hen egg (whole)	Arginine	9031	6322	ODKSFYDXXFIFQN-BYPYZUCNSA-N	low
hen egg (whole)	Selenium	9031		BUGBHKTXTAQXES-UHFFFAOYSA-N	low
hen egg (whole)	Valine	9031	6287	KZSNJWFQEVHDMF-BYPYZUCNSA-N	low
hen egg (whole)	Riboflavin	9031	493570	AUNGANRZJHBGPY-SCRDCRAPSA-N	low
hen egg (whole)	Methionine	9031	6137	FFEARJCKVFRZRR-BYPYZUCNSA-N	low
hen egg (whole)	Water	9031	962	XLYOFNOQVPJJNP-UHFFFAOYSA-N	low
hen egg (whole)	Lysine	9031	5962	KDXKERNSBIXSRK-YFKPBYRVSA-N	low
hen egg (whole)	25-hydroxycholecalciferol	9031	5283731	JWUBBDSIWDLEOM-DTOXIADCSA-N	low
hen egg (whole)	Tryptophan	9031	6305	QIVBCDIJIAJPQS-VIFPVBQESA-N	low
hen egg (whole)	Vitamin B-12	9031		FDJOLVPMNUYSCM-WZHZPDAFSA-L	low
hen egg (whole)	Magnesium	9031		FYYHWMGAXLPEAU-UHFFFAOYSA-N	low
hen egg (whole)	Proline	9031	145742	ONIBWKKTOPOVIA-BYPYZUCNSA-N	low
hen egg (whole)	Glutamic acid	9031	33032	WHUUTDBJXJRKMK-VKHMYHEASA-N	low
hen egg (whole)	Potassium	9031		ZLMJMSJWJFRBEC-UHFFFAOYSA-N	low
hen egg (whole)	Threonine	9031	6288	AYFVYJQAPQTCCC-GBXIJSLDSA-N	low
hen egg (whole)	Leucine	9031	6106	ROHFNLRQFUQHCH-YFKPBYRVSA-N	low
hen egg (whole)	Tyrosine	9031	6057	OUYCCCASQSFEME-QMMMGPOBSA-N	low
hen egg (whole)	Lutein	9031	5281243	KBPHJBAIARWVSC-RGZFRNHPSA-N	low
hen egg (whole)	Sodium	9031		KEAYESYHFKHZAL-UHFFFAOYSA-N	low
hen egg (whole)	Histidine	9031	6274	HNDVDQJCIGZPNO-YFKPBYRVSA-N	low
red onion (whole, raw)	Glucose	4679		WQZGKKKJIJFFOK-GASJEMHNSA-N	low
red onion (whole, raw)	Fructose	4679		LKDRXBCSQODPBY-VRPWFDPXSA-N	low
red onion (whole, raw)	Copper	4679		RYGMFSIKBFXOCR-UHFFFAOYSA-N	low
red onion (whole, raw)	Water	4679	962	XLYOFNOQVPJJNP-UHFFFAOYSA-N	low
red onion (whole, raw)	Selenium	4679		BUGBHKTXTAQXES-UHFFFAOYSA-N	low
red onion (whole, raw)	Calcium	4679		OYPRJOBELJOOCE-UHFFFAOYSA-N	low
red onion (whole, raw)	Sodium	4679		KEAYESYHFKHZAL-UHFFFAOYSA-N	low
red onion (whole, raw)	Potassium	4679		ZLMJMSJWJFRBEC-UHFFFAOYSA-N	low
red onion (whole, raw)	Magnesium	4679		FYYHWMGAXLPEAU-UHFFFAOYSA-N	low
red onion (whole, raw)	Manganese	4679		PWHULOQIROXLJO-UHFFFAOYSA-N	low
red onion (whole, raw)	Iron	4679		XEEYBQQBJWHFJM-UHFFFAOYSA-N	low
red onion (whole, raw)	Sucrose	4679	5988	CZMRCDWAGMRECN-UGDNZRGBSA-N	low
yellow onion (whole, raw)	Magnesium	4679		FYYHWMGAXLPEAU-UHFFFAOYSA-N	low
yellow onion (whole, raw)	Sodium	4679		KEAYESYHFKHZAL-UHFFFAOYSA-N	low
yellow onion (whole, raw)	Copper	4679		RYGMFSIKBFXOCR-UHFFFAOYSA-N	low
yellow onion (whole, raw)	Potassium	4679		ZLMJMSJWJFRBEC-UHFFFAOYSA-N	low
yellow onion (whole, raw)	Glucose	4679		WQZGKKKJIJFFOK-GASJEMHNSA-N	low
yellow onion (whole, raw)	Sucrose	4679	5988	CZMRCDWAGMRECN-UGDNZRGBSA-N	low
yellow onion (whole, raw)	Manganese	4679		PWHULOQIROXLJO-UHFFFAOYSA-N	low
yellow onion (whole, raw)	Water	4679	962	XLYOFNOQVPJJNP-UHFFFAOYSA-N	low
yellow onion (whole, raw)	Iron	4679		XEEYBQQBJWHFJM-UHFFFAOYSA-N	low
yellow onion (whole, raw)	Fructose	4679		LKDRXBCSQODPBY-VRPWFDPXSA-N	low
yellow onion (whole, raw)	Calcium	4679		OYPRJOBELJOOCE-UHFFFAOYSA-N	low
garlic bulb (whole, raw)	Selenium	4682		BUGBHKTXTAQXES-UHFFFAOYSA-N	low
garlic bulb (whole, raw)	Water	4682	962	XLYOFNOQVPJJNP-UHFFFAOYSA-N	low
garlic bulb (whole, raw)	Nitrogen	4682	947	IJGRMHOSHXDMSA-UHFFFAOYSA-N	low
white onion (whole, raw)	Nitrogen	4679	947	IJGRMHOSHXDMSA-UHFFFAOYSA-N	low
white onion (whole, raw)	Fructose	4679		LKDRXBCSQODPBY-VRPWFDPXSA-N	low
white onion (whole, raw)	Copper	4679		RYGMFSIKBFXOCR-UHFFFAOYSA-N	low
white onion (whole, raw)	Sucrose	4679	5988	CZMRCDWAGMRECN-UGDNZRGBSA-N	low
white onion (whole, raw)	Sodium	4679		KEAYESYHFKHZAL-UHFFFAOYSA-N	low
white onion (whole, raw)	Calcium	4679		OYPRJOBELJOOCE-UHFFFAOYSA-N	low
white onion (whole, raw)	Iron	4679		XEEYBQQBJWHFJM-UHFFFAOYSA-N	low
white onion (whole, raw)	Manganese	4679		PWHULOQIROXLJO-UHFFFAOYSA-N	low
white onion (whole, raw)	Galactose	4679		WQZGKKKJIJFFOK-SVZMEOIVSA-N	low
white onion (whole, raw)	Glucose	4679		WQZGKKKJIJFFOK-GASJEMHNSA-N	low
white onion (whole, raw)	Magnesium	4679		FYYHWMGAXLPEAU-UHFFFAOYSA-N	low
white onion (whole, raw)	Water	4679	962	XLYOFNOQVPJJNP-UHFFFAOYSA-N	low
white onion (whole, raw)	Potassium	4679		ZLMJMSJWJFRBEC-UHFFFAOYSA-N	low
banana (overripe, raw)	cis-beta-Carotene	4640		OENHQHLEOONYIE-XADKVURNSA-N	low
banana (overripe, raw)	Malic acid	4640		BJEPYKJPYRNKOW-UHFFFAOYSA-N	low
banana (overripe, raw)	alpha Carotene	4640	6419725	ANVAOWXLWRTKGA-NTXLUARGSA-N	low
banana (overripe, raw)	Water	4640	962	XLYOFNOQVPJJNP-UHFFFAOYSA-N	low
banana (overripe, raw)	Carotene, beta	4640		OENHQHLEOONYIE-QGWNBGMGSA-N	low
banana (overripe, raw)	Vitamin B-6	4640		ZUFQODAHGAHPFQ-UHFFFAOYSA-N	low
banana (overripe, raw)	Glucose	4640		WQZGKKKJIJFFOK-GASJEMHNSA-N	low
banana (overripe, raw)	Citric acid	4640	311	KRKNYBCHXYNGOX-UHFFFAOYSA-N	low
banana (overripe, raw)	Thiamin	4640	1130	JZRWCGZRTZMZEH-UHFFFAOYSA-N	low
banana (overripe, raw)	Fructose	4640		LKDRXBCSQODPBY-VRPWFDPXSA-N	low
banana (overripe, raw)	Nitrogen	4640	947	IJGRMHOSHXDMSA-UHFFFAOYSA-N	low
banana (overripe, raw)	Sucrose	4640	5988	CZMRCDWAGMRECN-UGDNZRGBSA-N	low
banana (overripe, raw)	trans-beta-Carotene	4640	5280489	OENHQHLEOONYIE-JLTXGRSLSA-N	low
banana (overripe, raw)	phylloquinone	4640	5284607	MBWXNTAXLNYFJB-NKFFZRIASA-N	low
banana (overripe, raw)	Niacin	4640	938	PVNIIMVLHYAWGP-UHFFFAOYSA-N	low
banana (whole, ripe)	Vitamin B-6	4640		ZUFQODAHGAHPFQ-UHFFFAOYSA-N	low
banana (whole, ripe)	Copper	4640		RYGMFSIKBFXOCR-UHFFFAOYSA-N	low
banana (whole, ripe)	Carotene, beta	4640		OENHQHLEOONYIE-QGWNBGMGSA-N	low
banana (whole, ripe)	Malic acid	4640		BJEPYKJPYRNKOW-UHFFFAOYSA-N	low
banana (whole, ripe)	Nitrogen	4640	947	IJGRMHOSHXDMSA-UHFFFAOYSA-N	low
banana (whole, ripe)	Sucrose	4640	5988	CZMRCDWAGMRECN-UGDNZRGBSA-N	low
banana (whole, ripe)	Potassium	4640		ZLMJMSJWJFRBEC-UHFFFAOYSA-N	low
banana (whole, ripe)	Calcium	4640		OYPRJOBELJOOCE-UHFFFAOYSA-N	low
banana (whole, ripe)	Thiamin	4640	1130	JZRWCGZRTZMZEH-UHFFFAOYSA-N	low
banana (whole, ripe)	Magnesium	4640		FYYHWMGAXLPEAU-UHFFFAOYSA-N	low
banana (whole, ripe)	Glucose	4640		WQZGKKKJIJFFOK-GASJEMHNSA-N	low
banana (whole, ripe)	alpha Carotene	4640	6419725	ANVAOWXLWRTKGA-NTXLUARGSA-N	low
banana (whole, ripe)	Fructose	4640		LKDRXBCSQODPBY-VRPWFDPXSA-N	low
banana (whole, ripe)	Citric acid	4640	311	KRKNYBCHXYNGOX-UHFFFAOYSA-N	low
banana (whole, ripe)	trans-beta-Carotene	4640	5280489	OENHQHLEOONYIE-JLTXGRSLSA-N	low
banana (whole, ripe)	Manganese	4640		PWHULOQIROXLJO-UHFFFAOYSA-N	low
banana (whole, ripe)	Water	4640	962	XLYOFNOQVPJJNP-UHFFFAOYSA-N	low
banana (whole, ripe)	phylloquinone	4640	5284607	MBWXNTAXLNYFJB-NKFFZRIASA-N	low
banana (whole, ripe)	cis-beta-Carotene	4640		OENHQHLEOONYIE-XADKVURNSA-N	low
banana (whole, ripe)	Niacin	4640	938	PVNIIMVLHYAWGP-UHFFFAOYSA-N	low
Red Delicious apple (whole)	Glucose	3750		WQZGKKKJIJFFOK-GASJEMHNSA-N	low
Red Delicious apple (whole)	Potassium	3750		ZLMJMSJWJFRBEC-UHFFFAOYSA-N	low
Red Delicious apple (whole)	Nitrogen	3750	947	IJGRMHOSHXDMSA-UHFFFAOYSA-N	low
Red Delicious apple (whole)	Fructose	3750		LKDRXBCSQODPBY-VRPWFDPXSA-N	low
Red Delicious apple (whole)	Water	3750	962	XLYOFNOQVPJJNP-UHFFFAOYSA-N	low
Red Delicious apple (whole)	Vitamin B-6	3750		ZUFQODAHGAHPFQ-UHFFFAOYSA-N	low
Red Delicious apple (whole)	Sucrose	3750	5988	CZMRCDWAGMRECN-UGDNZRGBSA-N	low
Red Delicious apple (whole)	Riboflavin	3750	493570	AUNGANRZJHBGPY-SCRDCRAPSA-N	low
Red Delicious apple (whole)	Magnesium	3750		FYYHWMGAXLPEAU-UHFFFAOYSA-N	low
Red Delicious apple (whole)	Niacin	3750	938	PVNIIMVLHYAWGP-UHFFFAOYSA-N	low
Red Delicious apple (whole)	Calcium	3750		OYPRJOBELJOOCE-UHFFFAOYSA-N	low
Red Delicious apple (whole)	Manganese	3750		PWHULOQIROXLJO-UHFFFAOYSA-N	low
Red Delicious apple (whole)	Thiamin	3750	1130	JZRWCGZRTZMZEH-UHFFFAOYSA-N	low
Red Delicious apple (whole)	Copper	3750		RYGMFSIKBFXOCR-UHFFFAOYSA-N	low
Fuji apple (whole)	Manganese	3750		PWHULOQIROXLJO-UHFFFAOYSA-N	low
Fuji apple (whole)	Magnesium	3750		FYYHWMGAXLPEAU-UHFFFAOYSA-N	low
Fuji apple (whole)	Sodium	3750		KEAYESYHFKHZAL-UHFFFAOYSA-N	low
Fuji apple (whole)	Copper	3750		RYGMFSIKBFXOCR-UHFFFAOYSA-N	low
Fuji apple (whole)	Water	3750	962	XLYOFNOQVPJJNP-UHFFFAOYSA-N	low
Fuji apple (whole)	Calcium	3750		OYPRJOBELJOOCE-UHFFFAOYSA-N	low
Fuji apple (whole)	Sucrose	3750	5988	CZMRCDWAGMRECN-UGDNZRGBSA-N	low
Fuji apple (whole)	Potassium	3750		ZLMJMSJWJFRBEC-UHFFFAOYSA-N	low
Fuji apple (whole)	Nitrogen	3750	947	IJGRMHOSHXDMSA-UHFFFAOYSA-N	low
Fuji apple (whole)	Niacin	3750	938	PVNIIMVLHYAWGP-UHFFFAOYSA-N	low
Fuji apple (whole)	Thiamin	3750	1130	JZRWCGZRTZMZEH-UHFFFAOYSA-N	low
Fuji apple (whole)	Vitamin B-6	3750		ZUFQODAHGAHPFQ-UHFFFAOYSA-N	low
Fuji apple (whole)	Riboflavin	3750	493570	AUNGANRZJHBGPY-SCRDCRAPSA-N	low
Fuji apple (whole)	Fructose	3750		LKDRXBCSQODPBY-VRPWFDPXSA-N	low
Fuji apple (whole)	Iron	3750		XEEYBQQBJWHFJM-UHFFFAOYSA-N	low
Fuji apple (whole)	Glucose	3750		WQZGKKKJIJFFOK-GASJEMHNSA-N	low
Gala apple (whole)	Magnesium	3750		FYYHWMGAXLPEAU-UHFFFAOYSA-N	low
Gala apple (whole)	Manganese	3750		PWHULOQIROXLJO-UHFFFAOYSA-N	low
Gala apple (whole)	Fructose	3750		LKDRXBCSQODPBY-VRPWFDPXSA-N	low
Gala apple (whole)	Glucose	3750		WQZGKKKJIJFFOK-GASJEMHNSA-N	low
Gala apple (whole)	Calcium	3750		OYPRJOBELJOOCE-UHFFFAOYSA-N	low
Gala apple (whole)	Riboflavin	3750	493570	AUNGANRZJHBGPY-SCRDCRAPSA-N	low
Gala apple (whole)	Potassium	3750		ZLMJMSJWJFRBEC-UHFFFAOYSA-N	low
Gala apple (whole)	Iron	3750		XEEYBQQBJWHFJM-UHFFFAOYSA-N	low
Gala apple (whole)	Sodium	3750		KEAYESYHFKHZAL-UHFFFAOYSA-N	low
Gala apple (whole)	Sucrose	3750	5988	CZMRCDWAGMRECN-UGDNZRGBSA-N	low
Gala apple (whole)	Nitrogen	3750	947	IJGRMHOSHXDMSA-UHFFFAOYSA-N	low
Gala apple (whole)	Water	3750	962	XLYOFNOQVPJJNP-UHFFFAOYSA-N	low
Gala apple (whole)	Vitamin B-6	3750		ZUFQODAHGAHPFQ-UHFFFAOYSA-N	low
Gala apple (whole)	Copper	3750		RYGMFSIKBFXOCR-UHFFFAOYSA-N	low
Gala apple (whole)	Niacin	3750	938	PVNIIMVLHYAWGP-UHFFFAOYSA-N	low
Gala apple (whole)	Thiamin	3750	1130	JZRWCGZRTZMZEH-UHFFFAOYSA-N	low
Granny Smith apple (whole)	Glucose	3750		WQZGKKKJIJFFOK-GASJEMHNSA-N	low
Granny Smith apple (whole)	Potassium	3750		ZLMJMSJWJFRBEC-UHFFFAOYSA-N	low
Granny Smith apple (whole)	Nitrogen	3750	947	IJGRMHOSHXDMSA-UHFFFAOYSA-N	low
Granny Smith apple (whole)	Calcium	3750		OYPRJOBELJOOCE-UHFFFAOYSA-N	low
Granny Smith apple (whole)	Niacin	3750	938	PVNIIMVLHYAWGP-UHFFFAOYSA-N	low
Granny Smith apple (whole)	Thiamin	3750	1130	JZRWCGZRTZMZEH-UHFFFAOYSA-N	low
Granny Smith apple (whole)	Copper	3750		RYGMFSIKBFXOCR-UHFFFAOYSA-N	low
Granny Smith apple (whole)	Water	3750	962	XLYOFNOQVPJJNP-UHFFFAOYSA-N	low
Granny Smith apple (whole)	Riboflavin	3750	493570	AUNGANRZJHBGPY-SCRDCRAPSA-N	low
Granny Smith apple (whole)	Iron	3750		XEEYBQQBJWHFJM-UHFFFAOYSA-N	low
Granny Smith apple (whole)	Manganese	3750		PWHULOQIROXLJO-UHFFFAOYSA-N	low
Granny Smith apple (whole)	Sucrose	3750	5988	CZMRCDWAGMRECN-UGDNZRGBSA-N	low
Granny Smith apple (whole)	Magnesium	3750		FYYHWMGAXLPEAU-UHFFFAOYSA-N	low
Granny Smith apple (whole)	Vitamin B-6	3750		ZUFQODAHGAHPFQ-UHFFFAOYSA-N	low
Granny Smith apple (whole)	Fructose	3750		LKDRXBCSQODPBY-VRPWFDPXSA-N	low
Honeycrisp apple (whole)	Glucose	3750		WQZGKKKJIJFFOK-GASJEMHNSA-N	low
Honeycrisp apple (whole)	Fructose	3750		LKDRXBCSQODPBY-VRPWFDPXSA-N	low
Honeycrisp apple (whole)	Thiamin	3750	1130	JZRWCGZRTZMZEH-UHFFFAOYSA-N	low
Honeycrisp apple (whole)	Sodium	3750		KEAYESYHFKHZAL-UHFFFAOYSA-N	low
Honeycrisp apple (whole)	Sucrose	3750	5988	CZMRCDWAGMRECN-UGDNZRGBSA-N	low
Honeycrisp apple (whole)	Niacin	3750	938	PVNIIMVLHYAWGP-UHFFFAOYSA-N	low
Honeycrisp apple (whole)	Riboflavin	3750	493570	AUNGANRZJHBGPY-SCRDCRAPSA-N	low
Honeycrisp apple (whole)	Copper	3750		RYGMFSIKBFXOCR-UHFFFAOYSA-N	low
Honeycrisp apple (whole)	Water	3750	962	XLYOFNOQVPJJNP-UHFFFAOYSA-N	low
Honeycrisp apple (whole)	Nitrogen	3750	947	IJGRMHOSHXDMSA-UHFFFAOYSA-N	low
Honeycrisp apple (whole)	Vitamin B-6	3750		ZUFQODAHGAHPFQ-UHFFFAOYSA-N	low
Honeycrisp apple (whole)	Potassium	3750		ZLMJMSJWJFRBEC-UHFFFAOYSA-N	low
Honeycrisp apple (whole)	Manganese	3750		PWHULOQIROXLJO-UHFFFAOYSA-N	low
Honeycrisp apple (whole)	Magnesium	3750		FYYHWMGAXLPEAU-UHFFFAOYSA-N	low
Honeycrisp apple (whole)	Calcium	3750		OYPRJOBELJOOCE-UHFFFAOYSA-N	low
peanut oil	phylloquinone	3818	5284607	MBWXNTAXLNYFJB-NKFFZRIASA-N	low
peanut oil	Campestanol	3818		ARYTXMNEANMLMU-ATEDBJNTSA-N	low
peanut oil	delta Tocopherol	3818	92094	GZIFEOYASATJEH-VHFRWLAGSA-N	low
peanut oil	Delta-5-avenasterol	3818		OSELKOCHBMDKEJ-APCSMPPYSA-N	low
peanut oil	beta Tocopherol	3818	6857447	WGVKWNUPNGFDFJ-DQCZWYHMSA-N	low
peanut oil	alpha-tocopherol	3818	14985	GVJHHUAWPYXKBD-IEOSBIPESA-N	low
peanut oil	Beta-sitostanol	3818		LGJMUZUPVCAVPU-HRJGVYIJSA-N	low
peanut oil	Beta-sitosterol	3818	222284	KZJWDPNRJALLNS-VJSFXXLFSA-N	low
peanut oil	Stigmasterol	3818	5280794	HCXVJBMSMIARIN-PHZDYDNGSA-N	low
peanut oil	gamma Tocopherol	3818	92729	QUEDXNHFTDJVIY-DQCZWYHMSA-N	low
peanut oil	Campesterol	3818	173183	SGNBVLSWZMBQTH-PODYLUTMSA-N	low
sunflower seed oil	phylloquinone	4231	5284607	MBWXNTAXLNYFJB-NKFFZRIASA-N	low
sunflower seed oil	Delta-5-avenasterol	4231		OSELKOCHBMDKEJ-APCSMPPYSA-N	low
sunflower seed oil	Beta-sitostanol	4231		LGJMUZUPVCAVPU-HRJGVYIJSA-N	low
sunflower seed oil	alpha-tocopherol	4231	14985	GVJHHUAWPYXKBD-IEOSBIPESA-N	low
sunflower seed oil	Campesterol	4231	173183	SGNBVLSWZMBQTH-PODYLUTMSA-N	low
sunflower seed oil	Beta-sitosterol	4231	222284	KZJWDPNRJALLNS-VJSFXXLFSA-N	low
sunflower seed oil	Stigmasterol	4231	5280794	HCXVJBMSMIARIN-PHZDYDNGSA-N	low
sunflower seed oil	Campestanol	4231		ARYTXMNEANMLMU-ATEDBJNTSA-N	low
sunflower seed oil	beta Tocopherol	4231	6857447	WGVKWNUPNGFDFJ-DQCZWYHMSA-N	low
sunflower seed oil	gamma Tocopherol	4231	92729	QUEDXNHFTDJVIY-DQCZWYHMSA-N	low
safflower oil	phylloquinone	4222	5284607	MBWXNTAXLNYFJB-NKFFZRIASA-N	low
safflower oil	Beta-sitosterol	4222	222284	KZJWDPNRJALLNS-VJSFXXLFSA-N	low
safflower oil	delta Tocopherol	4222	92094	GZIFEOYASATJEH-VHFRWLAGSA-N	low
safflower oil	Delta-5-avenasterol	4222		OSELKOCHBMDKEJ-APCSMPPYSA-N	low
safflower oil	gamma Tocopherol	4222	92729	QUEDXNHFTDJVIY-DQCZWYHMSA-N	low
safflower oil	alpha-tocopherol	4222	14985	GVJHHUAWPYXKBD-IEOSBIPESA-N	low
safflower oil	Campesterol	4222	173183	SGNBVLSWZMBQTH-PODYLUTMSA-N	low
safflower oil	beta Tocopherol	4222	6857447	WGVKWNUPNGFDFJ-DQCZWYHMSA-N	low
safflower oil	Campestanol	4222		ARYTXMNEANMLMU-ATEDBJNTSA-N	low
safflower oil	Beta-sitostanol	4222		LGJMUZUPVCAVPU-HRJGVYIJSA-N	low
safflower oil	Stigmasterol	4222	5280794	HCXVJBMSMIARIN-PHZDYDNGSA-N	low
olive oil	phylloquinone	4146	5284607	MBWXNTAXLNYFJB-NKFFZRIASA-N	low
olive oil	alpha-tocopherol	4146	14985	GVJHHUAWPYXKBD-IEOSBIPESA-N	low
olive oil	Delta-5-avenasterol	4146		OSELKOCHBMDKEJ-APCSMPPYSA-N	low
olive oil	Campesterol	4146	173183	SGNBVLSWZMBQTH-PODYLUTMSA-N	low
olive oil	Beta-sitosterol	4146	222284	KZJWDPNRJALLNS-VJSFXXLFSA-N	low
olive oil	Stigmasterol	4146	5280794	HCXVJBMSMIARIN-PHZDYDNGSA-N	low
olive oil	Beta-sitostanol	4146		LGJMUZUPVCAVPU-HRJGVYIJSA-N	low
olive oil	gamma Tocopherol	4146	92729	QUEDXNHFTDJVIY-DQCZWYHMSA-N	low
bearded tooth mushroom	Beta-glucan	91752		FYGDTMLNYKFZSV-URKRLVJHSA-N	low
bearded tooth mushroom	Biotin	91752	171548	YBJHBAHKTGYVGT-ZKWXMUAHSA-N	low
bearded tooth mushroom	Magnesium	91752		FYYHWMGAXLPEAU-UHFFFAOYSA-N	low
bearded tooth mushroom	Vitamin B-6	91752		ZUFQODAHGAHPFQ-UHFFFAOYSA-N	low
bearded tooth mushroom	Water	91752	962	XLYOFNOQVPJJNP-UHFFFAOYSA-N	low
bearded tooth mushroom	Copper	91752		RYGMFSIKBFXOCR-UHFFFAOYSA-N	low
bearded tooth mushroom	Vitamin D2 (ergocalciferol)	91752	5280793	MECHNRXZTMCUDQ-RKHKHRCZSA-N	low
bearded tooth mushroom	Niacin	91752	938	PVNIIMVLHYAWGP-UHFFFAOYSA-N	low
bearded tooth mushroom	Potassium	91752		ZLMJMSJWJFRBEC-UHFFFAOYSA-N	low
bearded tooth mushroom	Ergosterol	91752	444679	DNVPQKQSNYMLRS-APGDWVJJSA-N	low
bearded tooth mushroom	Selenium	91752		BUGBHKTXTAQXES-UHFFFAOYSA-N	low
bearded tooth mushroom	Riboflavin	91752	493570	AUNGANRZJHBGPY-SCRDCRAPSA-N	low
bearded tooth mushroom	Iron	91752		XEEYBQQBJWHFJM-UHFFFAOYSA-N	low
bearded tooth mushroom	Sodium	91752		KEAYESYHFKHZAL-UHFFFAOYSA-N	low
bearded tooth mushroom	Ergothionine	91752	5351619	SSISHJJTAXXQAX-ZETCQYMHSA-N	low
bearded tooth mushroom	Manganese	91752		PWHULOQIROXLJO-UHFFFAOYSA-N	low
bearded tooth mushroom	Thiamin	91752	1130	JZRWCGZRTZMZEH-UHFFFAOYSA-N	low
bearded tooth mushroom	Nitrogen	91752	947	IJGRMHOSHXDMSA-UHFFFAOYSA-N	low
oyster mushroom (whole)	Beta-glucan	5322		FYGDTMLNYKFZSV-URKRLVJHSA-N	low
oyster mushroom (whole)	Magnesium	5322		FYYHWMGAXLPEAU-UHFFFAOYSA-N	low
oyster mushroom (whole)	Potassium	5322		ZLMJMSJWJFRBEC-UHFFFAOYSA-N	low
oyster mushroom (whole)	Ergothionine	5322	5351619	SSISHJJTAXXQAX-ZETCQYMHSA-N	low
oyster mushroom (whole)	Iron	5322		XEEYBQQBJWHFJM-UHFFFAOYSA-N	low
oyster mushroom (whole)	Sodium	5322		KEAYESYHFKHZAL-UHFFFAOYSA-N	low
oyster mushroom (whole)	Selenium	5322		BUGBHKTXTAQXES-UHFFFAOYSA-N	low
oyster mushroom (whole)	Riboflavin	5322	493570	AUNGANRZJHBGPY-SCRDCRAPSA-N	low
oyster mushroom (whole)	Biotin	5322	171548	YBJHBAHKTGYVGT-ZKWXMUAHSA-N	low
oyster mushroom (whole)	Vitamin B-6	5322		ZUFQODAHGAHPFQ-UHFFFAOYSA-N	low
oyster mushroom (whole)	Nitrogen	5322	947	IJGRMHOSHXDMSA-UHFFFAOYSA-N	low
oyster mushroom (whole)	Thiamin	5322	1130	JZRWCGZRTZMZEH-UHFFFAOYSA-N	low
oyster mushroom (whole)	Water	5322	962	XLYOFNOQVPJJNP-UHFFFAOYSA-N	low
oyster mushroom (whole)	Manganese	5322		PWHULOQIROXLJO-UHFFFAOYSA-N	low
oyster mushroom (whole)	Vitamin D2 (ergocalciferol)	5322	5280793	MECHNRXZTMCUDQ-RKHKHRCZSA-N	low
oyster mushroom (whole)	Niacin	5322	938	PVNIIMVLHYAWGP-UHFFFAOYSA-N	low
oyster mushroom (whole)	Ergosterol	5322	444679	DNVPQKQSNYMLRS-APGDWVJJSA-N	low
oyster mushroom (whole)	Copper	5322		RYGMFSIKBFXOCR-UHFFFAOYSA-N	low
shiitake mushroom	Beta-glucan	5353		FYGDTMLNYKFZSV-URKRLVJHSA-N	low
shiitake mushroom	Manganese	5353		PWHULOQIROXLJO-UHFFFAOYSA-N	low
shiitake mushroom	Vitamin B-6	5353		ZUFQODAHGAHPFQ-UHFFFAOYSA-N	low
shiitake mushroom	Water	5353	962	XLYOFNOQVPJJNP-UHFFFAOYSA-N	low
shiitake mushroom	Copper	5353		RYGMFSIKBFXOCR-UHFFFAOYSA-N	low
shiitake mushroom	Vitamin D2 (ergocalciferol)	5353	5280793	MECHNRXZTMCUDQ-RKHKHRCZSA-N	low
shiitake mushroom	Potassium	5353		ZLMJMSJWJFRBEC-UHFFFAOYSA-N	low
shiitake mushroom	Niacin	5353	938	PVNIIMVLHYAWGP-UHFFFAOYSA-N	low
shiitake mushroom	Magnesium	5353		FYYHWMGAXLPEAU-UHFFFAOYSA-N	low
shiitake mushroom	Riboflavin	5353	493570	AUNGANRZJHBGPY-SCRDCRAPSA-N	low
shiitake mushroom	Nitrogen	5353	947	IJGRMHOSHXDMSA-UHFFFAOYSA-N	low
shiitake mushroom	Sodium	5353		KEAYESYHFKHZAL-UHFFFAOYSA-N	low
shiitake mushroom	Biotin	5353	171548	YBJHBAHKTGYVGT-ZKWXMUAHSA-N	low
shiitake mushroom	Selenium	5353		BUGBHKTXTAQXES-UHFFFAOYSA-N	low
shiitake mushroom	Ergosterol	5353	444679	DNVPQKQSNYMLRS-APGDWVJJSA-N	low
shiitake mushroom	Calcium	5353		OYPRJOBELJOOCE-UHFFFAOYSA-N	low
shiitake mushroom	Ergothionine	5353	5351619	SSISHJJTAXXQAX-ZETCQYMHSA-N	low
shiitake mushroom	Iron	5353		XEEYBQQBJWHFJM-UHFFFAOYSA-N	low
shiitake mushroom	Thiamin	5353	1130	JZRWCGZRTZMZEH-UHFFFAOYSA-N	low
white mushroom (whole)	Beta-glucan	5341		FYGDTMLNYKFZSV-URKRLVJHSA-N	low
white mushroom (whole)	Niacin	5341	938	PVNIIMVLHYAWGP-UHFFFAOYSA-N	low
white mushroom (whole)	Potassium	5341		ZLMJMSJWJFRBEC-UHFFFAOYSA-N	low
white mushroom (whole)	Selenium	5341		BUGBHKTXTAQXES-UHFFFAOYSA-N	low
white mushroom (whole)	Copper	5341		RYGMFSIKBFXOCR-UHFFFAOYSA-N	low
white mushroom (whole)	Magnesium	5341		FYYHWMGAXLPEAU-UHFFFAOYSA-N	low
white mushroom (whole)	Water	5341	962	XLYOFNOQVPJJNP-UHFFFAOYSA-N	low
white mushroom (whole)	Biotin	5341	171548	YBJHBAHKTGYVGT-ZKWXMUAHSA-N	low
white mushroom (whole)	Ergothionine	5341	5351619	SSISHJJTAXXQAX-ZETCQYMHSA-N	low
white mushroom (whole)	Vitamin D2 (ergocalciferol)	5341	5280793	MECHNRXZTMCUDQ-RKHKHRCZSA-N	low
white mushroom (whole)	Ergosterol	5341	444679	DNVPQKQSNYMLRS-APGDWVJJSA-N	low
white mushroom (whole)	Calcium	5341		OYPRJOBELJOOCE-UHFFFAOYSA-N	low
white mushroom (whole)	Vitamin B-6	5341		ZUFQODAHGAHPFQ-UHFFFAOYSA-N	low
white mushroom (whole)	Iron	5341		XEEYBQQBJWHFJM-UHFFFAOYSA-N	low
white mushroom (whole)	Manganese	5341		PWHULOQIROXLJO-UHFFFAOYSA-N	low
white mushroom (whole)	Nitrogen	5341	947	IJGRMHOSHXDMSA-UHFFFAOYSA-N	low
white mushroom (whole)	Sodium	5341		KEAYESYHFKHZAL-UHFFFAOYSA-N	low
white mushroom (whole)	Thiamin	5341	1130	JZRWCGZRTZMZEH-UHFFFAOYSA-N	low
white mushroom (whole)	Riboflavin	5341	493570	AUNGANRZJHBGPY-SCRDCRAPSA-N	low
soybean milk	Zeaxanthin	3847	5280899	JKQXZKUSFCKOGQ-QAYBQHTQSA-N	low
soybean milk	Water	3847	962	XLYOFNOQVPJJNP-UHFFFAOYSA-N	low
soybean milk	Glutamic acid	3847	33032	WHUUTDBJXJRKMK-VKHMYHEASA-N	low
soybean milk	Manganese	3847		PWHULOQIROXLJO-UHFFFAOYSA-N	low
soybean milk	Genistin	3847		ZCOLJUOHXJRHDI-CMWLGVBASA-N	low
soybean milk	Daidzin	3847	107971	KYQZWONCHDNPDP-QNDFHXLGSA-N	low
soybean milk	Phenylalanine	3847	6140	COLNVLDHVKWLRT-QMMMGPOBSA-N	low
soybean milk	Zeaxanthin	3847	5280899	JKQXZKUSFCKOGQ-QAYBQHTQSA-N	low
soybean milk	Methionine	3847	6137	FFEARJCKVFRZRR-BYPYZUCNSA-N	low
soybean milk	Arginine	3847	6322	ODKSFYDXXFIFQN-BYPYZUCNSA-N	low
soybean milk	Serine	3847	5951	MTCFGRXMJLQNBG-REOHCLBHSA-N	low
soybean milk	Glycine	3847	750	DHMQDGOQFOQNFH-UHFFFAOYSA-N	low
soybean milk	gamma Tocopherol	3847	92729	QUEDXNHFTDJVIY-DQCZWYHMSA-N	low
soybean milk	Nitrogen	3847	947	IJGRMHOSHXDMSA-UHFFFAOYSA-N	low
soybean milk	Threonine	3847	6288	AYFVYJQAPQTCCC-GBXIJSLDSA-N	low
soybean milk	Raffinose	3847	439242	MUPFEKGTMRGPLJ-ZQSKZDJDSA-N	low
soybean milk	Riboflavin	3847	493570	AUNGANRZJHBGPY-SCRDCRAPSA-N	low
soybean milk	Retinol	3847	445354	FPIPGXGPPPQFEQ-OVSJKPMPSA-N	low
soybean milk	Alanine	3847	5950	QNAYBMKLOCPYGJ-REOHCLBHSA-N	low
soybean milk	Molybdenum	3847		ZOKXTWBITQBERF-UHFFFAOYSA-N	low
soybean milk	Daidzein	3847	5281708	ZQSIJRDFPHDXIC-UHFFFAOYSA-N	low
soybean milk	Genistein	3847	5280961	TZBJGXHYKVUXJN-UHFFFAOYSA-N	low
soybean milk	Copper	3847		RYGMFSIKBFXOCR-UHFFFAOYSA-N	low
soybean milk	Cysteine	3847	5862	XUJNEKJLAYXESH-REOHCLBHSA-N	low
soybean milk	Calcium	3847		OYPRJOBELJOOCE-UHFFFAOYSA-N	low
soybean milk	Aspartic acid	3847	5960	CKLJMWTZIZZHCS-REOHCLBHSA-N	low
soybean milk	Biotin	3847	171548	YBJHBAHKTGYVGT-ZKWXMUAHSA-N	low
soybean milk	Isoleucine	3847	6306	AGPKZVBTJJNPAG-WHFBIAKZSA-N	low
soybean milk	Proline	3847	145742	ONIBWKKTOPOVIA-BYPYZUCNSA-N	low
soybean milk	delta Tocopherol	3847	92094	GZIFEOYASATJEH-VHFRWLAGSA-N	low
soybean milk	Glycitin	3847		OZBAVEKZGSOMOJ-MIUGBVLSSA-N	low
soybean milk	Tryptophan	3847	6305	QIVBCDIJIAJPQS-VIFPVBQESA-N	low
soybean milk	Vitamin D2 (ergocalciferol)	3847	5280793	MECHNRXZTMCUDQ-RKHKHRCZSA-N	low
soybean milk	Niacin	3847	938	PVNIIMVLHYAWGP-UHFFFAOYSA-N	low
soybean milk	Potassium	3847		ZLMJMSJWJFRBEC-UHFFFAOYSA-N	low
soybean milk	alpha-tocopherol	3847	14985	GVJHHUAWPYXKBD-IEOSBIPESA-N	low
soybean milk	Stachyose	3847	439531	UQZIYBXSHAGNOE-XNSRJBNMSA-N	low
soybean milk	Selenium	3847		BUGBHKTXTAQXES-UHFFFAOYSA-N	low
soybean milk	Leucine	3847	6106	ROHFNLRQFUQHCH-YFKPBYRVSA-N	low
soybean milk	Lysine	3847	5962	KDXKERNSBIXSRK-YFKPBYRVSA-N	low
soybean milk	Verbascose	3847		FLUADVWHMHPUCG-SWPIJASHSA-N	low
soybean milk	Vitamin B-12	3847		FDJOLVPMNUYSCM-WZHZPDAFSA-L	low
soybean milk	Iron	3847		XEEYBQQBJWHFJM-UHFFFAOYSA-N	low
soybean milk	Sodium	3847		KEAYESYHFKHZAL-UHFFFAOYSA-N	low
soybean milk	Sucrose	3847	5988	CZMRCDWAGMRECN-UGDNZRGBSA-N	low
soybean milk	Vitamin B-6	3847		ZUFQODAHGAHPFQ-UHFFFAOYSA-N	low
soybean milk	Tyrosine	3847	6057	OUYCCCASQSFEME-QMMMGPOBSA-N	low
soybean milk	Magnesium	3847		FYYHWMGAXLPEAU-UHFFFAOYSA-N	low
soybean milk	Histidine	3847	6274	HNDVDQJCIGZPNO-YFKPBYRVSA-N	low
soybean milk	Valine	3847	6287	KZSNJWFQEVHDMF-BYPYZUCNSA-N	low
soybean milk	Thiamin	3847	1130	JZRWCGZRTZMZEH-UHFFFAOYSA-N	low
almond milk	Magnesium	3755		FYYHWMGAXLPEAU-UHFFFAOYSA-N	low
almond milk	Potassium	3755		ZLMJMSJWJFRBEC-UHFFFAOYSA-N	low
almond milk	Copper	3755		RYGMFSIKBFXOCR-UHFFFAOYSA-N	low
almond milk	alpha-tocopherol	3755	14985	GVJHHUAWPYXKBD-IEOSBIPESA-N	low
almond milk	gamma Tocopherol	3755	92729	QUEDXNHFTDJVIY-DQCZWYHMSA-N	low
almond milk	Biotin	3755	171548	YBJHBAHKTGYVGT-ZKWXMUAHSA-N	low
almond milk	Nitrogen	3755	947	IJGRMHOSHXDMSA-UHFFFAOYSA-N	low
almond milk	Stachyose	3755	439531	UQZIYBXSHAGNOE-XNSRJBNMSA-N	low
almond milk	Calcium	3755		OYPRJOBELJOOCE-UHFFFAOYSA-N	low
almond milk	Vitamin B-12	3755		FDJOLVPMNUYSCM-WZHZPDAFSA-L	low
almond milk	Sodium	3755		KEAYESYHFKHZAL-UHFFFAOYSA-N	low
almond milk	Vitamin D2 (ergocalciferol)	3755	5280793	MECHNRXZTMCUDQ-RKHKHRCZSA-N	low
almond milk	Retinol	3755	445354	FPIPGXGPPPQFEQ-OVSJKPMPSA-N	low
almond milk	Iron	3755		XEEYBQQBJWHFJM-UHFFFAOYSA-N	low
almond milk	Manganese	3755		PWHULOQIROXLJO-UHFFFAOYSA-N	low
almond milk	Niacin	3755	938	PVNIIMVLHYAWGP-UHFFFAOYSA-N	low
almond milk	Riboflavin	3755	493570	AUNGANRZJHBGPY-SCRDCRAPSA-N	low
almond milk	Raffinose	3755	439242	MUPFEKGTMRGPLJ-ZQSKZDJDSA-N	low
almond milk	Water	3755	962	XLYOFNOQVPJJNP-UHFFFAOYSA-N	low
baby spinach	Nitrogen	3562	947	IJGRMHOSHXDMSA-UHFFFAOYSA-N	low
baby spinach	Riboflavin	3562	493570	AUNGANRZJHBGPY-SCRDCRAPSA-N	low
baby spinach	Potassium	3562		ZLMJMSJWJFRBEC-UHFFFAOYSA-N	low
baby spinach	Carotene, beta	3562		OENHQHLEOONYIE-QGWNBGMGSA-N	low
baby spinach	Thiamin	3562	1130	JZRWCGZRTZMZEH-UHFFFAOYSA-N	low
baby spinach	Water	3562	962	XLYOFNOQVPJJNP-UHFFFAOYSA-N	low
baby spinach	Lutein	3562	5281243	KBPHJBAIARWVSC-RGZFRNHPSA-N	low
baby spinach	Niacin	3562	938	PVNIIMVLHYAWGP-UHFFFAOYSA-N	low
baby spinach	Biotin	3562	171548	YBJHBAHKTGYVGT-ZKWXMUAHSA-N	low
baby spinach	Manganese	3562		PWHULOQIROXLJO-UHFFFAOYSA-N	low
baby spinach	Calcium	3562		OYPRJOBELJOOCE-UHFFFAOYSA-N	low
baby spinach	Iron	3562		XEEYBQQBJWHFJM-UHFFFAOYSA-N	low
baby spinach	Copper	3562		RYGMFSIKBFXOCR-UHFFFAOYSA-N	low
baby spinach	Vitamin B-6	3562		ZUFQODAHGAHPFQ-UHFFFAOYSA-N	low
baby spinach	Magnesium	3562		FYYHWMGAXLPEAU-UHFFFAOYSA-N	low
baby spinach	Zeaxanthin	3562	5280899	JKQXZKUSFCKOGQ-QAYBQHTQSA-N	low
baby spinach	Sodium	3562		KEAYESYHFKHZAL-UHFFFAOYSA-N	low
spinach leaf (whole, raw)	Magnesium	3562		FYYHWMGAXLPEAU-UHFFFAOYSA-N	low
spinach leaf (whole, raw)	Zeaxanthin	3562	5280899	JKQXZKUSFCKOGQ-QAYBQHTQSA-N	low
spinach leaf (whole, raw)	Water	3562	962	XLYOFNOQVPJJNP-UHFFFAOYSA-N	low
spinach leaf (whole, raw)	Manganese	3562		PWHULOQIROXLJO-UHFFFAOYSA-N	low
spinach leaf (whole, raw)	Niacin	3562	938	PVNIIMVLHYAWGP-UHFFFAOYSA-N	low
spinach leaf (whole, raw)	Iodine	3562	807	PNDPGZBMCMUPRI-UHFFFAOYSA-N	low
spinach leaf (whole, raw)	Copper	3562		RYGMFSIKBFXOCR-UHFFFAOYSA-N	low
spinach leaf (whole, raw)	Thiamin	3562	1130	JZRWCGZRTZMZEH-UHFFFAOYSA-N	low
spinach leaf (whole, raw)	Lutein	3562	5281243	KBPHJBAIARWVSC-RGZFRNHPSA-N	low
spinach leaf (whole, raw)	Iron	3562		XEEYBQQBJWHFJM-UHFFFAOYSA-N	low
spinach leaf (whole, raw)	Carotene, beta	3562		OENHQHLEOONYIE-QGWNBGMGSA-N	low
spinach leaf (whole, raw)	Vitamin B-6	3562		ZUFQODAHGAHPFQ-UHFFFAOYSA-N	low
spinach leaf (whole, raw)	Biotin	3562	171548	YBJHBAHKTGYVGT-ZKWXMUAHSA-N	low
spinach leaf (whole, raw)	Calcium	3562		OYPRJOBELJOOCE-UHFFFAOYSA-N	low
spinach leaf (whole, raw)	beta Cryptoxanthin	3562	5281235	DMASLKHVQRHNES-FKKUPVFPSA-N	low
spinach leaf (whole, raw)	Nitrogen	3562	947	IJGRMHOSHXDMSA-UHFFFAOYSA-N	low
spinach leaf (whole, raw)	Riboflavin	3562	493570	AUNGANRZJHBGPY-SCRDCRAPSA-N	low
spinach leaf (whole, raw)	Sodium	3562		KEAYESYHFKHZAL-UHFFFAOYSA-N	low
spinach leaf (whole, raw)	Potassium	3562		ZLMJMSJWJFRBEC-UHFFFAOYSA-N	low
plum tomato (whole, raw)	Manganese	4081		PWHULOQIROXLJO-UHFFFAOYSA-N	low
plum tomato (whole, raw)	Magnesium	4081		FYYHWMGAXLPEAU-UHFFFAOYSA-N	low
plum tomato (whole, raw)	Nitrogen	4081	947	IJGRMHOSHXDMSA-UHFFFAOYSA-N	low
plum tomato (whole, raw)	Copper	4081		RYGMFSIKBFXOCR-UHFFFAOYSA-N	low
plum tomato (whole, raw)	Carotene, beta	4081		OENHQHLEOONYIE-QGWNBGMGSA-N	low
plum tomato (whole, raw)	Vitamin B-6	4081		ZUFQODAHGAHPFQ-UHFFFAOYSA-N	low
plum tomato (whole, raw)	gamma Carotene	4081	5280791	HRQKOYFGHJYEFS-BXOLYSJBSA-N	low
plum tomato (whole, raw)	Thiamin	4081	1130	JZRWCGZRTZMZEH-UHFFFAOYSA-N	low
plum tomato (whole, raw)	alpha Carotene	4081	6419725	ANVAOWXLWRTKGA-NTXLUARGSA-N	low
plum tomato (whole, raw)	beta Cryptoxanthin	4081	5281235	DMASLKHVQRHNES-FKKUPVFPSA-N	low
plum tomato (whole, raw)	Potassium	4081		ZLMJMSJWJFRBEC-UHFFFAOYSA-N	low
plum tomato (whole, raw)	Water	4081	962	XLYOFNOQVPJJNP-UHFFFAOYSA-N	low
plum tomato (whole, raw)	Biotin	4081	171548	YBJHBAHKTGYVGT-ZKWXMUAHSA-N	low
plum tomato (whole, raw)	Lycopene	4081	446925	OAIJSZIZWZSQBC-GYZMGTAESA-N	low
plum tomato (whole, raw)	Lutein	4081	5281243	KBPHJBAIARWVSC-RGZFRNHPSA-N	low
plum tomato (whole, raw)	Niacin	4081	938	PVNIIMVLHYAWGP-UHFFFAOYSA-N	low
plum tomato (whole, raw)	Iron	4081		XEEYBQQBJWHFJM-UHFFFAOYSA-N	low
plum tomato (whole, raw)	Calcium	4081		OYPRJOBELJOOCE-UHFFFAOYSA-N	low
